date,accelerometerX,accelerometerY,accelerometerZ,magnetometerX,magnetometerY,magnetometerZ,gyroscopeX,gyroscopeY,gyroscopeZ,labelPhone,labelActivity
10 May 2022 22:11:03:214 +0200,-8.066312,-3.3160706,3.6656346,32.16,1.56,-14.94,0.013238061,-0.3751696,-0.29881147,insidethebag,standing
10 May 2022 22:11:03:258 +0200,-7.9968777,-4.8148866,3.615355,32.16,1.56,-14.94,-0.25676438,-0.3825,0.31449726,insidethebag,standing
10 May 2022 22:11:03:414 +0200,-7.9968777,-4.8148866,3.615355,31.439999,2.28,-15.78,-0.25676438,-0.3825,0.31449726,insidethebag,standing
10 May 2022 22:11:03:435 +0200,-7.9968777,-4.8148866,3.615355,31.439999,2.28,-15.78,-0.7515652,-0.26704645,0.5429609,insidethebag,standing
10 May 2022 22:11:03:438 +0200,-8.549955,-3.4740927,3.1341057,31.439999,2.28,-15.78,-0.7515652,-0.26704645,0.5429609,insidethebag,standing
10 May 2022 22:11:03:616 +0200,-8.846846,-2.803696,2.9138324,31.32,2.1599998,-16.44,-1.0423371,-0.25849435,0.83128923,insidethebag,standing
10 May 2022 22:11:03:793 +0200,-8.004061,-2.4780743,5.29853,31.32,2.1599998,-16.44,-1.0423371,-0.25849435,0.83128923,insidethebag,standing
10 May 2022 22:11:03:796 +0200,-8.004061,-2.4780743,5.29853,31.32,2.1599998,-16.44,-1.2365923,-0.08134343,0.8282349,insidethebag,standing
10 May 2022 22:11:03:813 +0200,-8.004061,-2.4780743,5.29853,32.7,0.24,-15.12,-1.2365923,-0.08134343,0.8282349,insidethebag,standing
10 May 2022 22:11:03:973 +0200,-7.7670274,-2.3990633,5.305713,32.7,0.24,-15.12,-1.1987187,-0.25360742,0.5893866,insidethebag,standing
10 May 2022 22:11:04:013 +0200,-7.7670274,-2.3990633,5.305713,35.46,-3.54,-12.36,-1.1987187,-0.25360742,0.5893866,insidethebag,standing
10 May 2022 22:11:04:154 +0200,-9.596253,-1.5826156,2.8084843,35.46,-3.54,-12.36,-0.3813809,-0.10028025,-0.19191003,insidethebag,standing
10 May 2022 22:11:04:215 +0200,-9.596253,-1.5826156,2.8084843,37.98,-7.3199997,-10.74,-0.3813809,-0.10028025,-0.19191003,insidethebag,standing
10 May 2022 22:11:04:334 +0200,-9.012051,-2.6097596,3.5483153,37.98,-7.3199997,-10.74,-0.3813809,-0.10028025,-0.19191003,insidethebag,standing
10 May 2022 22:11:04:337 +0200,-9.012051,-2.6097596,3.5483153,37.98,-7.3199997,-10.74,-0.26042956,-0.42526057,0.067707695,insidethebag,standing
10 May 2022 22:11:04:413 +0200,-9.012051,-2.6097596,3.5483153,40.2,-10.62,-9.179999,-0.26042956,-0.42526057,0.067707695,insidethebag,standing
10 May 2022 22:11:04:514 +0200,-7.326481,-2.2601955,3.5363438,40.2,-10.62,-9.179999,-0.7381262,-0.27193338,0.28395396,insidethebag,standing
10 May 2022 22:11:04:613 +0200,-7.326481,-2.2601955,3.5363438,41.52,-12.54,-9.12,-0.7381262,-0.27193338,0.28395396,insidethebag,standing
10 May 2022 22:11:04:693 +0200,-7.326481,-2.2601955,3.5363438,41.52,-12.54,-9.12,-1.1186951,-0.5266642,0.36703166,insidethebag,standing
10 May 2022 22:11:04:696 +0200,-13.32414,0.6201172,4.7286925,41.52,-12.54,-9.12,-1.1186951,-0.5266642,0.36703166,insidethebag,standing
10 May 2022 22:11:04:815 +0200,-13.32414,0.6201172,4.7286925,42.239998,-14.099999,-10.559999,-1.1186951,-0.5266642,0.36703166,insidethebag,standing
10 May 2022 22:11:04:874 +0200,-7.56112,-3.5483153,5.071074,42.239998,-14.099999,-10.559999,0.8391279,0.102527015,-0.4032694,insidethebag,standing
10 May 2022 22:11:05:013 +0200,-7.56112,-3.5483153,5.071074,42.3,-14.639999,-11.759999,0.8391279,0.102527015,-0.4032694,insidethebag,standing
10 May 2022 22:11:05:054 +0200,-9.198804,-3.2274826,3.7733772,42.3,-14.639999,-11.759999,1.6185919,0.46660268,-0.43564525,insidethebag,standing
10 May 2022 22:11:05:213 +0200,-9.198804,-3.2274826,3.7733772,42.66,-14.94,-12.24,1.6185919,0.46660268,-0.43564525,insidethebag,standing
10 May 2022 22:11:05:233 +0200,-8.906702,-1.7430321,4.9609375,42.66,-14.94,-12.24,1.6185919,0.46660268,-0.43564525,insidethebag,standing
10 May 2022 22:11:05:236 +0200,-8.906702,-1.7430321,4.9609375,42.66,-14.94,-12.24,1.269177,0.20698497,-0.30369836,insidethebag,standing
10 May 2022 22:11:05:415 +0200,-8.396722,-2.238647,6.055121,42.12,-15.66,-13.0199995,1.269177,0.20698497,-0.30369836,insidethebag,standing
10 May 2022 22:11:05:418 +0200,-8.396722,-2.238647,6.055121,42.12,-15.66,-13.0199995,0.7792631,-0.19924042,0.55212384,insidethebag,standing
10 May 2022 22:11:05:593 +0200,-10.151725,0.82602483,5.3488097,42.12,-15.66,-13.0199995,0.5312518,0.51608276,-0.7215302,insidethebag,standing
10 May 2022 22:11:05:612 +0200,-10.151725,0.82602483,5.3488097,42.0,-16.92,-13.259999,0.5312518,0.51608276,-0.7215302,insidethebag,standing
10 May 2022 22:11:05:774 +0200,-9.229929,-2.5618742,4.642499,42.0,-16.92,-13.259999,-0.50477564,0.20881757,-0.15892331,insidethebag,standing
10 May 2022 22:11:05:812 +0200,-9.229929,-2.5618742,4.642499,42.3,-16.92,-12.059999,-0.50477564,0.20881757,-0.15892331,insidethebag,standing
10 May 2022 22:11:05:953 +0200,-9.229929,-2.5618742,4.642499,42.3,-16.92,-12.059999,-0.76072824,0.054879524,0.36336648,insidethebag,standing
10 May 2022 22:11:05:956 +0200,-11.248303,4.625739,1.359948,42.3,-16.92,-12.059999,-0.76072824,0.054879524,0.36336648,insidethebag,standing
10 May 2022 22:11:06:014 +0200,-11.248303,4.625739,1.359948,42.239998,-17.64,-11.34,-0.76072824,0.054879524,0.36336648,insidethebag,standing
10 May 2022 22:11:06:136 +0200,-11.248303,4.625739,1.359948,42.239998,-17.64,-11.34,0.3253902,0.25829765,0.14834191,insidethebag,standing
10 May 2022 22:11:06:140 +0200,-9.859624,-1.6712039,2.1572416,42.239998,-17.64,-11.34,0.3253902,0.25829765,0.14834191,insidethebag,standing
10 May 2022 22:11:06:215 +0200,-9.859624,-1.6712039,2.1572416,43.079998,-19.08,-9.42,0.3253902,0.25829765,0.14834191,insidethebag,standing
10 May 2022 22:11:06:316 +0200,-9.859624,-1.6712039,2.1572416,43.079998,-19.08,-9.42,0.07921151,0.18560469,-0.068515256,insidethebag,standing
10 May 2022 22:11:06:321 +0200,-8.995291,1.0678465,3.213117,43.079998,-19.08,-9.42,0.07921151,0.18560469,-0.068515256,insidethebag,standing
10 May 2022 22:11:06:417 +0200,-8.995291,1.0678465,3.213117,43.32,-18.72,-7.3199997,0.07921151,0.18560469,-0.068515256,insidethebag,standing
10 May 2022 22:11:06:497 +0200,-8.995291,1.0678465,3.213117,43.32,-18.72,-7.3199997,-0.039296348,0.27112582,0.25707594,insidethebag,standing
10 May 2022 22:11:06:503 +0200,-9.203592,-0.31604427,2.308081,43.32,-18.72,-7.3199997,-0.039296348,0.27112582,0.25707594,insidethebag,standing
10 May 2022 22:11:06:616 +0200,-9.203592,-0.31604427,2.308081,43.32,-20.34,-5.3399997,-0.039296348,0.27112582,0.25707594,insidethebag,standing
10 May 2022 22:11:06:673 +0200,-9.581888,0.51955765,1.8100717,43.32,-20.34,-5.3399997,-0.21889073,0.18132862,0.26684976,insidethebag,standing
10 May 2022 22:11:06:818 +0200,-9.581888,0.51955765,1.8100717,43.26,-22.32,-2.82,-0.21889073,0.18132862,0.26684976,insidethebag,standing
10 May 2022 22:11:06:856 +0200,-9.560339,2.0279508,1.690358,43.26,-22.32,-2.82,-0.3667201,0.12757249,0.2662389,insidethebag,standing
10 May 2022 22:11:07:017 +0200,-9.560339,2.0279508,1.690358,42.66,-23.88,-0.96,-0.3667201,0.12757249,0.2662389,insidethebag,standing
10 May 2022 22:11:07:037 +0200,-9.378374,1.2689656,1.7717633,42.66,-23.88,-0.96,0.046835646,0.11963124,0.16361354,insidethebag,standing
10 May 2022 22:11:07:218 +0200,-9.378374,1.2689656,1.7717633,41.94,-26.279999,1.1999999,0.046835646,0.11963124,0.16361354,insidethebag,standing
10 May 2022 22:11:07:223 +0200,-9.399923,1.5107874,1.4605076,41.94,-26.279999,1.1999999,0.03156402,0.005399438,0.045716546,insidethebag,standing
10 May 2022 22:11:07:395 +0200,-9.399923,1.5107874,1.4605076,41.94,-26.279999,1.1999999,0.034007482,-0.03308507,-0.02575469,insidethebag,standing
10 May 2022 22:11:07:400 +0200,-9.591465,1.4844503,1.4796618,41.94,-26.279999,1.1999999,0.034007482,-0.03308507,-0.02575469,insidethebag,standing
10 May 2022 22:11:07:415 +0200,-9.591465,1.4844503,1.4796618,42.0,-28.199999,2.58,0.034007482,-0.03308507,-0.02575469,insidethebag,standing
10 May 2022 22:11:07:575 +0200,-9.076695,1.3000913,1.6975409,42.0,-28.199999,2.58,-0.039907213,-0.028809015,-0.04774584,insidethebag,standing
10 May 2022 22:11:07:618 +0200,-9.076695,1.3000913,1.6975409,42.239998,-29.699999,3.12,-0.039907213,-0.028809015,-0.04774584,insidethebag,standing
10 May 2022 22:11:07:768 +0200,-9.483723,0.8284191,1.9824595,42.239998,-29.699999,3.12,0.027287962,-0.20718168,-0.29148108,insidethebag,standing
10 May 2022 22:11:07:814 +0200,-9.483723,0.8284191,1.9824595,42.78,-29.82,3.12,0.027287962,-0.20718168,-0.29148108,insidethebag,standing
10 May 2022 22:11:07:937 +0200,-9.155706,0.4285752,2.9617178,42.78,-29.82,3.12,0.10975477,-0.42342797,-0.58286375,insidethebag,standing
10 May 2022 22:11:08:016 +0200,-9.155706,0.4285752,2.9617178,43.2,-28.26,2.6399999,0.10975477,-0.42342797,-0.58286375,insidethebag,standing
10 May 2022 22:11:08:116 +0200,-9.330489,-0.5027977,3.6895776,43.2,-28.26,2.6399999,0.074324585,-0.67815876,-0.37150443,insidethebag,standing
10 May 2022 22:11:08:215 +0200,-9.330489,-0.5027977,3.6895776,43.62,-26.22,0.29999998,0.074324585,-0.67815876,-0.37150443,insidethebag,standing
10 May 2022 22:11:08:296 +0200,-9.189227,-0.7206767,3.8954852,43.62,-26.22,0.29999998,0.13174592,-0.2084034,-0.1644211,insidethebag,standing
10 May 2022 22:11:08:417 +0200,-9.189227,-0.7206767,3.8954852,43.379997,-22.8,-2.82,0.13174592,-0.2084034,-0.1644211,insidethebag,standing
10 May 2022 22:11:08:477 +0200,-9.42626,-1.036721,3.703943,43.379997,-22.8,-2.82,0.015070656,0.14040065,-0.046524107,insidethebag,standing
10 May 2022 22:11:08:615 +0200,-9.42626,-1.036721,3.703943,43.14,-20.16,-5.46,0.015070656,0.14040065,-0.046524107,insidethebag,standing
10 May 2022 22:11:08:656 +0200,-8.743892,-0.56265455,4.228289,43.14,-20.16,-5.46,-0.112600185,0.05426866,0.062209908,insidethebag,standing
10 May 2022 22:11:08:816 +0200,-8.743892,-0.56265455,4.228289,43.32,-18.84,-7.8599997,-0.112600185,0.05426866,0.062209908,insidethebag,standing
10 May 2022 22:11:08:836 +0200,-8.743892,-0.56265455,4.228289,43.32,-18.84,-7.8599997,0.029120557,-0.028809015,0.04388395,insidethebag,standing
10 May 2022 22:11:08:841 +0200,-9.021627,-0.4189981,3.5866237,43.32,-18.84,-7.8599997,0.029120557,-0.028809015,0.04388395,insidethebag,standing
10 May 2022 22:11:09:018 +0200,-9.021627,-0.4189981,3.5866237,42.84,-18.42,-8.58,0.029120557,-0.028809015,0.04388395,insidethebag,standing
10 May 2022 22:11:09:024 +0200,-9.545974,-1.9441512,4.087027,42.84,-18.42,-8.58,0.034007482,0.051214334,0.078092396,insidethebag,standing
10 May 2022 22:11:09:195 +0200,-9.174861,-1.7885233,4.331243,42.84,-18.42,-8.58,-0.019748664,0.026779722,-0.11738448,insidethebag,standing
10 May 2022 22:11:09:214 +0200,-9.174861,-1.7885233,4.331243,42.719997,-18.9,-8.4,-0.019748664,0.026779722,-0.11738448,insidethebag,standing
10 May 2022 22:11:09:376 +0200,-9.232324,-0.7039168,3.572258,42.719997,-18.9,-8.4,-0.008142223,-0.08989554,-0.12471486,insidethebag,standing
10 May 2022 22:11:09:415 +0200,-9.232324,-0.7039168,3.572258,43.02,-18.84,-8.04,-0.008142223,-0.08989554,-0.12471486,insidethebag,standing
10 May 2022 22:11:09:557 +0200,-8.672064,-1.7358493,4.3168774,43.02,-18.84,-8.04,-0.16757804,-0.0782891,0.092753164,insidethebag,standing
10 May 2022 22:11:09:618 +0200,-8.672064,-1.7358493,4.3168774,42.899998,-18.66,-7.7999997,-0.16757804,-0.0782891,0.092753164,insidethebag,standing
10 May 2022 22:11:09:735 +0200,-9.325701,-0.95531565,3.7494342,42.899998,-18.66,-7.7999997,-0.04968106,-0.057519685,0.038997024,insidethebag,standing
10 May 2022 22:11:09:820 +0200,-9.325701,-0.95531565,3.7494342,42.66,-18.119999,-7.98,-0.04968106,-0.057519685,0.038997024,insidethebag,standing
10 May 2022 22:11:09:915 +0200,-8.968953,-1.0271438,4.4413795,42.66,-18.119999,-7.98,-0.019137796,0.038386162,0.05671212,insidethebag,standing
10 May 2022 22:11:10:013 +0200,-8.968953,-1.0271438,4.4413795,42.54,-17.76,-8.099999,-0.019137796,0.038386162,0.05671212,insidethebag,standing
10 May 2022 22:11:10:099 +0200,-9.055147,-0.5985687,4.1804037,42.54,-17.76,-8.099999,0.077378914,0.07137289,-0.020867767,insidethebag,standing
10 May 2022 22:11:10:218 +0200,-9.055147,-0.5985687,4.1804037,42.3,-18.0,-8.28,0.077378914,0.07137289,-0.020867767,insidethebag,standing
10 May 2022 22:11:10:278 +0200,-8.758257,-0.8547561,4.2642035,42.3,-18.0,-8.28,0.3553226,0.10313788,-0.18457966,insidethebag,standing
10 May 2022 22:11:10:417 +0200,-8.758257,-0.8547561,4.2642035,42.36,-18.18,-8.46,0.3553226,0.10313788,-0.18457966,insidethebag,standing
10 May 2022 22:11:10:456 +0200,-8.889942,-1.4365649,4.005622,42.36,-18.18,-8.46,0.44389808,0.092142306,-0.21695551,insidethebag,standing
10 May 2022 22:11:10:614 +0200,-8.889942,-1.4365649,4.005622,42.899998,-17.76,-7.98,0.44389808,0.092142306,-0.21695551,insidethebag,standing
10 May 2022 22:11:10:635 +0200,-8.889942,-1.4365649,4.005622,42.899998,-17.76,-7.98,0.17206302,0.004788573,-0.04774584,insidethebag,standing
10 May 2022 22:11:10:640 +0200,-8.937828,-1.1277034,3.9864676,42.899998,-17.76,-7.98,0.17206302,0.004788573,-0.04774584,insidethebag,standing
10 May 2022 22:11:10:818 +0200,-8.909097,-1.0032011,4.0989985,43.44,-17.46,-7.3199997,-0.14314345,-0.031863343,0.08297932,insidethebag,standing
10 May 2022 22:11:10:995 +0200,-8.846846,-0.8332076,4.113364,43.44,-17.46,-7.3199997,-0.2054517,-0.036750264,0.092142306,insidethebag,standing
10 May 2022 22:11:11:014 +0200,-8.846846,-0.8332076,4.113364,43.379997,-17.1,-7.02,-0.2054517,-0.036750264,0.092142306,insidethebag,standing
10 May 2022 22:11:11:176 +0200,-9.012051,-0.79250497,4.084633,43.379997,-17.1,-7.02,-0.17796277,-0.049578436,0.06709682,insidethebag,standing
10 May 2022 22:11:11:215 +0200,-9.012051,-0.79250497,4.084633,43.44,-16.74,-7.2,-0.17796277,-0.049578436,0.06709682,insidethebag,standing
10 May 2022 22:11:11:355 +0200,-8.9186735,-0.71588814,4.228289,43.44,-16.74,-7.2,-0.06800702,-0.004374406,0.023725396,insidethebag,standing
10 May 2022 22:11:11:417 +0200,-8.9186735,-0.71588814,4.228289,42.96,-17.039999,-7.5,-0.06800702,-0.004374406,0.023725396,insidethebag,standing
10 May 2022 22:11:11:534 +0200,-8.571504,-0.38547826,4.235472,42.96,-17.039999,-7.5,0.013238061,-9.83493E-5,0.008453764,insidethebag,standing
10 May 2022 22:11:11:616 +0200,-8.571504,-0.38547826,4.235472,42.6,-17.4,-8.099999,0.013238061,-9.83493E-5,0.008453764,insidethebag,standing
10 May 2022 22:11:11:717 +0200,-8.839663,-1.2091088,4.3456087,42.6,-17.4,-8.099999,0.13418938,-0.0642392,0.006010303,insidethebag,standing
10 May 2022 22:11:11:815 +0200,-8.839663,-1.2091088,4.3456087,43.02,-17.4,-8.58,0.13418938,-0.0642392,0.006010303,insidethebag,standing
10 May 2022 22:11:11:895 +0200,-8.870789,-0.7685622,4.3240604,43.02,-17.4,-8.58,-0.05090279,-0.0501893,0.045105677,insidethebag,standing
10 May 2022 22:11:12:016 +0200,-8.870789,-0.7685622,4.3240604,43.2,-17.46,-8.34,-0.05090279,-0.0501893,0.045105677,insidethebag,standing
10 May 2022 22:11:12:072 +0200,-8.834874,-0.7541966,4.4126487,43.2,-17.46,-8.34,-0.10893499,-0.037971996,0.04449481,insidethebag,standing
10 May 2022 22:11:12:213 +0200,-8.834874,-0.7541966,4.4126487,43.68,-17.82,-8.5199995,-0.10893499,-0.037971996,0.04449481,insidethebag,standing
10 May 2022 22:11:12:257 +0200,-8.734315,-0.5602603,4.436591,43.68,-17.82,-8.5199995,-0.163302,-0.015980845,0.07198375,insidethebag,standing
10 May 2022 22:11:12:414 +0200,-8.734315,-0.5602603,4.436591,43.68,-18.0,-8.82,-0.163302,-0.015980845,0.07198375,insidethebag,standing
10 May 2022 22:11:12:437 +0200,-8.79896,-0.6751855,4.3887057,43.68,-18.0,-8.82,-0.0026444357,0.007842899,0.02311453,insidethebag,standing
10 May 2022 22:11:12:616 +0200,-8.818114,-0.679974,4.3839173,43.079998,-18.48,-9.059999,0.042559594,-0.0019309451,-0.019646037,insidethebag,standing
10 May 2022 22:11:12:805 +0200,-8.770228,-0.723071,4.3767343,43.079998,-18.48,-9.059999,0.06516161,0.017616743,-0.02819815,insidethebag,standing
10 May 2022 22:11:12:823 +0200,-8.770228,-0.723071,4.3767343,42.78,-18.72,-9.42,0.06516161,0.017616743,-0.02819815,insidethebag,standing
10 May 2022 22:11:12:975 +0200,-8.770228,-0.723071,4.3767343,42.78,-18.72,-9.42,0.030342286,0.031055778,0.013951551,insidethebag,standing
10 May 2022 22:11:12:981 +0200,-8.691217,-0.7589851,4.3599744,42.78,-18.72,-9.42,0.030342286,0.031055778,0.013951551,insidethebag,standing
10 May 2022 22:11:13:014 +0200,-8.691217,-0.7589851,4.3599744,42.899998,-18.72,-9.599999,0.030342286,0.031055778,0.013951551,insidethebag,standing
10 May 2022 22:11:13:155 +0200,-8.7822,-0.6608198,4.3168774,42.899998,-18.72,-9.599999,-0.019748664,-0.0019309451,0.018227607,insidethebag,standing
10 May 2022 22:11:13:214 +0200,-8.7822,-0.6608198,4.3168774,42.84,-18.72,-9.3,-0.019748664,-0.0019309451,0.018227607,insidethebag,standing
10 May 2022 22:11:13:333 +0200,-8.842057,-0.6368771,4.333637,42.84,-18.72,-9.3,-0.03807462,-0.006207002,0.003566842,insidethebag,standing
10 May 2022 22:11:13:412 +0200,-8.842057,-0.6368771,4.333637,43.32,-18.779999,-9.12,-0.03807462,-0.006207002,0.003566842,insidethebag,standing
10 May 2022 22:11:13:515 +0200,-8.858817,-0.6249057,4.295329,43.32,-18.779999,-9.12,-0.02646818,0.0029559769,-0.01292652,insidethebag,standing
10 May 2022 22:11:13:614 +0200,-8.858817,-0.6249057,4.295329,43.62,-18.9,-8.82,-0.02646818,0.0029559769,-0.01292652,insidethebag,standing
10 May 2022 22:11:13:693 +0200,-8.834874,-0.7326481,4.3240604,43.62,-18.9,-8.82,0.048668243,0.018838473,-0.036750264,insidethebag,standing
10 May 2022 22:11:13:816 +0200,-8.834874,-0.7326481,4.3240604,43.2,-18.96,-8.7,0.048668243,0.018838473,-0.036750264,insidethebag,standing
10 May 2022 22:11:13:873 +0200,-8.837268,-0.967287,4.2043467,43.2,-18.96,-8.7,0.052333437,0.01150809,-0.031252477,insidethebag,standing
10 May 2022 22:11:14:012 +0200,-8.837268,-0.967287,4.2043467,43.379997,-18.779999,-8.88,0.052333437,0.01150809,-0.031252477,insidethebag,standing
10 May 2022 22:11:14:053 +0200,-8.837268,-0.967287,4.2043467,43.379997,-18.779999,-8.88,-0.027689911,0.025557991,-0.037971996,insidethebag,standing
10 May 2022 22:11:14:058 +0200,-8.837268,-0.38308397,4.35758,43.379997,-18.779999,-8.88,-0.027689911,0.025557991,-0.037971996,insidethebag,standing
10 May 2022 22:11:14:212 +0200,-8.837268,-0.38308397,4.35758,43.079998,-18.3,-8.88,-0.027689911,0.025557991,-0.037971996,insidethebag,standing
10 May 2022 22:11:14:232 +0200,-8.837268,-0.38308397,4.35758,43.079998,-18.3,-8.88,0.15923485,0.07259461,-0.105167165,insidethebag,standing
10 May 2022 22:11:14:234 +0200,-8.952193,-0.72546524,4.0199876,43.079998,-18.3,-8.88,0.15923485,0.07259461,-0.105167165,insidethebag,standing
10 May 2022 22:11:14:418 +0200,-8.952193,-0.72546524,4.0199876,42.78,-17.88,-8.94,0.15923485,0.07259461,-0.105167165,insidethebag,standing
10 May 2022 22:11:14:424 +0200,-8.976136,-1.1444633,4.103787,42.78,-17.88,-8.94,0.32661194,0.11291172,-0.15098207,insidethebag,standing
10 May 2022 22:11:14:594 +0200,-8.976136,-1.1444633,4.103787,42.78,-17.88,-8.94,0.31500548,0.13856806,-0.1485386,insidethebag,standing
10 May 2022 22:11:14:600 +0200,-9.026416,-0.55307746,3.7135203,42.78,-17.88,-8.94,0.31500548,0.13856806,-0.1485386,insidethebag,standing
10 May 2022 22:11:14:613 +0200,-9.026416,-0.55307746,3.7135203,42.78,-17.16,-8.099999,0.31500548,0.13856806,-0.1485386,insidethebag,standing
10 May 2022 22:11:14:774 +0200,-8.722343,-2.4277947,3.912245,42.78,-17.16,-8.099999,0.49704334,0.13673545,-0.20901427,insidethebag,standing
10 May 2022 22:11:14:812 +0200,-8.722343,-2.4277947,3.912245,42.78,-16.08,-7.2,0.49704334,0.13673545,-0.20901427,insidethebag,standing
10 May 2022 22:11:14:954 +0200,-9.038387,-0.9624985,3.632115,42.78,-16.08,-7.2,-0.12176316,-0.0019309451,0.04449481,insidethebag,standing
10 May 2022 22:11:15:016 +0200,-9.038387,-0.9624985,3.632115,42.6,-15.179999,-6.3599997,-0.12176316,-0.0019309451,0.04449481,insidethebag,standing
10 May 2022 22:11:15:137 +0200,-8.806143,-1.2617828,3.8308396,42.6,-15.179999,-6.3599997,0.036450937,-0.034917668,-0.06668267,insidethebag,standing
10 May 2022 22:11:15:215 +0200,-8.806143,-1.2617828,3.8308396,42.66,-14.46,-5.58,0.036450937,-0.034917668,-0.06668267,insidethebag,standing
10 May 2022 22:11:15:315 +0200,-9.26345,-0.6368771,3.5411325,42.66,-14.46,-5.58,-0.022802988,0.11107913,0.06037731,insidethebag,standing
10 May 2022 22:11:15:413 +0200,-9.26345,-0.6368771,3.5411325,42.48,-13.62,-5.7,-0.022802988,0.11107913,0.06037731,insidethebag,standing
10 May 2022 22:11:15:497 +0200,-9.143736,-0.67279124,2.8539755,42.48,-13.62,-5.7,0.03950527,0.17766343,0.2314196,insidethebag,standing
10 May 2022 22:11:15:616 +0200,-9.143736,-0.67279124,2.8539755,42.48,-14.16,-5.4,0.03950527,0.17766343,0.2314196,insidethebag,standing
10 May 2022 22:11:15:673 +0200,-9.45978,0.80208206,3.1341057,42.48,-14.16,-5.4,-0.22622111,0.17766343,0.51608276,insidethebag,standing
10 May 2022 22:11:15:815 +0200,-9.45978,0.80208206,3.1341057,43.02,-15.719999,-4.56,-0.22622111,0.17766343,0.51608276,insidethebag,standing
10 May 2022 22:11:15:857 +0200,-9.217958,0.56744313,2.6863763,43.02,-15.719999,-4.56,-0.012418279,0.08481192,0.38719022,insidethebag,standing
10 May 2022 22:11:16:012 +0200,-9.217958,0.56744313,2.6863763,43.62,-18.539999,-3.72,-0.012418279,0.08481192,0.38719022,insidethebag,standing
10 May 2022 22:11:16:033 +0200,-9.387952,1.7190893,2.3918805,43.62,-18.539999,-3.72,-0.08450038,0.016395012,0.19782199,insidethebag,standing
10 May 2022 22:11:16:217 +0200,-9.122187,1.1995317,2.7653873,43.98,-21.84,-2.52,-0.0026444357,0.085422784,0.042051353,insidethebag,standing
10 May 2022 22:11:16:394 +0200,-9.126976,0.9241901,2.7462332,43.98,-21.84,-2.52,0.084709294,-0.026365554,-0.22367503,insidethebag,standing
10 May 2022 22:11:16:413 +0200,-9.126976,0.9241901,2.7462332,44.46,-23.82,-1.8,0.084709294,-0.026365554,-0.22367503,insidethebag,standing
10 May 2022 22:11:16:575 +0200,-9.557945,0.50040346,2.892284,44.46,-23.82,-1.8,0.08715276,-0.17419495,-0.32630038,insidethebag,standing
10 May 2022 22:11:16:615 +0200,-9.557945,0.50040346,2.892284,44.46,-24.48,-1.9799999,0.08715276,-0.17419495,-0.32630038,insidethebag,standing
10 May 2022 22:11:16:756 +0200,-9.526819,-0.023942748,3.0646718,44.46,-24.48,-1.9799999,0.046224784,-0.16869716,-0.29209194,insidethebag,standing
10 May 2022 22:11:16:816 +0200,-9.526819,-0.023942748,3.0646718,44.219997,-23.039999,-2.3999999,0.046224784,-0.16869716,-0.29209194,insidethebag,standing
10 May 2022 22:11:16:934 +0200,-8.945011,-0.54350036,3.4525442,44.219997,-23.039999,-2.3999999,-0.18346053,-0.15586899,-0.03247421,insidethebag,standing
10 May 2022 22:11:17:011 +0200,-8.945011,-0.54350036,3.4525442,44.579998,-21.119999,-3.3,-0.18346053,-0.15586899,-0.03247421,insidethebag,standing
10 May 2022 22:11:17:113 +0200,-9.390346,-1.3982565,3.9505534,44.579998,-21.119999,-3.3,-0.26348388,-0.15403639,0.0017342464,insidethebag,standing
10 May 2022 22:11:17:213 +0200,-9.390346,-1.3982565,3.9505534,44.34,-19.56,-4.44,-0.26348388,-0.15403639,0.0017342464,insidethebag,standing
10 May 2022 22:11:17:298 +0200,-9.27542,-0.65842557,4.070267,44.34,-19.56,-4.44,-0.45712817,-0.21084686,0.05426866,insidethebag,standing
10 May 2022 22:11:17:416 +0200,-9.27542,-0.65842557,4.070267,43.98,-18.18,-5.58,-0.45712817,-0.21084686,0.05426866,insidethebag,standing
10 May 2022 22:11:17:477 +0200,-8.901914,-0.88588166,4.122941,43.98,-18.18,-5.58,-0.27081427,-0.12043881,0.0072320336,insidethebag,standing
10 May 2022 22:11:17:612 +0200,-8.901914,-0.88588166,4.122941,44.04,-17.76,-6.7799997,-0.27081427,-0.12043881,0.0072320336,insidethebag,standing
10 May 2022 22:11:17:656 +0200,-8.887548,-1.0271438,4.1397014,44.04,-17.76,-6.7799997,-0.12603922,-0.054465353,-0.05935228,insidethebag,standing
10 May 2022 22:11:17:816 +0200,-8.887548,-1.0271438,4.1397014,43.44,-17.58,-7.56,-0.12603922,-0.054465353,-0.05935228,insidethebag,standing
10 May 2022 22:11:17:834 +0200,-8.7534685,-1.1899546,4.3671575,43.44,-17.58,-7.56,-0.061898366,-0.02575469,-0.06973699,insidethebag,standing
10 May 2022 22:11:18:016 +0200,-8.921068,-1.376708,4.3216662,43.2,-17.58,-7.8599997,0.061496414,-0.014148249,-0.08745208,insidethebag,standing
10 May 2022 22:11:18:193 +0200,-8.8085375,-1.515576,4.3264546,43.2,-17.58,-7.8599997,0.04194873,-0.024532959,-0.03736113,insidethebag,standing
10 May 2022 22:11:18:212 +0200,-8.8085375,-1.515576,4.3264546,43.2,-17.22,-8.5199995,0.04194873,-0.024532959,-0.03736113,insidethebag,standing
10 May 2022 22:11:18:373 +0200,-8.734315,-1.3695252,4.3863115,43.2,-17.22,-8.5199995,-0.025857314,0.0011233811,-0.026365554,insidethebag,standing
10 May 2022 22:11:18:413 +0200,-8.734315,-1.3695252,4.3863115,42.899998,-17.039999,-8.639999,-0.025857314,0.0011233811,-0.026365554,insidethebag,standing
10 May 2022 22:11:18:557 +0200,-8.667274,-1.3719195,4.314483,42.899998,-17.039999,-8.639999,-0.027079046,0.029223183,-9.83493E-5,insidethebag,standing
10 May 2022 22:11:18:616 +0200,-8.667274,-1.3719195,4.314483,42.899998,-16.56,-8.5199995,-0.027079046,0.029223183,-9.83493E-5,insidethebag,standing
10 May 2022 22:11:18:736 +0200,-8.837268,-1.359948,4.249838,42.899998,-16.56,-8.5199995,-0.02402472,0.022503665,0.010897226,insidethebag,standing
10 May 2022 22:11:18:815 +0200,-8.837268,-1.359948,4.249838,43.14,-16.02,-8.82,-0.02402472,0.022503665,0.010897226,insidethebag,standing
10 May 2022 22:11:18:914 +0200,-8.81572,-1.4150164,4.1851926,43.14,-16.02,-8.82,0.019957578,0.036553565,0.0072320336,insidethebag,standing
10 May 2022 22:11:19:012 +0200,-8.81572,-1.4150164,4.1851926,43.379997,-15.78,-8.34,0.019957578,0.036553565,0.0072320336,insidethebag,standing
10 May 2022 22:11:19:094 +0200,-8.81572,-1.4150164,4.1851926,43.379997,-15.78,-8.34,0.09448314,0.05243606,-0.034917668,insidethebag,standing
10 May 2022 22:11:19:099 +0200,-8.9498,-1.350371,4.0367475,43.379997,-15.78,-8.34,0.09448314,0.05243606,-0.034917668,insidethebag,standing
10 May 2022 22:11:19:216 +0200,-8.9498,-1.350371,4.0367475,43.32,-15.66,-7.98,0.09448314,0.05243606,-0.034917668,insidethebag,standing
10 May 2022 22:11:19:272 +0200,-8.9498,-1.350371,4.0367475,43.32,-15.66,-7.98,0.21726707,0.121463835,-0.05568709,insidethebag,standing
10 May 2022 22:11:19:277 +0200,-8.796566,-1.2929084,3.9074564,43.32,-15.66,-7.98,0.21726707,0.121463835,-0.05568709,insidethebag,standing
10 May 2022 22:11:19:412 +0200,-8.796566,-1.2929084,3.9074564,43.62,-15.36,-7.74,0.21726707,0.121463835,-0.05568709,insidethebag,standing
10 May 2022 22:11:19:455 +0200,-9.091062,-1.620924,3.7398572,43.62,-15.36,-7.74,0.35593346,0.12696162,-0.09966939,insidethebag,standing
10 May 2022 22:11:19:613 +0200,-9.091062,-1.620924,3.7398572,43.32,-14.94,-7.5,0.35593346,0.12696162,-0.09966939,insidethebag,standing
10 May 2022 22:11:19:635 +0200,-9.021627,-1.2162915,3.6608462,43.32,-14.94,-7.5,0.18794553,0.1465093,-0.022089498,insidethebag,standing
10 May 2022 22:11:19:815 +0200,-9.234718,-1.0822122,3.3304362,43.14,-15.24,-6.8399997,0.18672378,0.10985739,-0.021478632,insidethebag,standing
10 May 2022 22:11:19:995 +0200,-9.42626,-0.89067024,3.2346652,43.14,-15.24,-6.8399997,0.14579582,0.1080248,-0.0049852715,insidethebag,standing
10 May 2022 22:11:20:015 +0200,-9.42626,-0.89067024,3.2346652,43.379997,-14.82,-6.24,0.14579582,0.1080248,-0.0049852715,insidethebag,standing
10 May 2022 22:11:20:173 +0200,-9.39274,-0.6344828,3.2801564,43.379997,-14.82,-6.24,-0.008753088,0.04449481,0.120242104,insidethebag,standing
10 May 2022 22:11:20:213 +0200,-9.39274,-0.6344828,3.2801564,43.2,-15.179999,-5.7599998,-0.008753088,0.04449481,0.120242104,insidethebag,standing
10 May 2022 22:11:20:354 +0200,-9.407105,-0.6440599,3.083826,43.2,-15.179999,-5.7599998,-0.044183273,0.035331838,0.19537853,insidethebag,standing
10 May 2022 22:11:20:414 +0200,-9.407105,-0.6440599,3.083826,43.5,-15.9,-4.68,-0.044183273,0.035331838,0.19537853,insidethebag,standing
10 May 2022 22:11:20:533 +0200,-9.299363,-0.20590763,3.0335462,43.5,-15.9,-4.68,-0.22255592,0.04754914,0.20270891,insidethebag,standing
10 May 2022 22:11:20:615 +0200,-9.299363,-0.20590763,3.0335462,43.62,-16.26,-4.44,-0.22255592,0.04754914,0.20270891,insidethebag,standing
10 May 2022 22:11:20:717 +0200,-9.534002,0.2753416,2.9401696,43.62,-16.26,-4.44,-0.22011246,0.028001452,0.2766236,insidethebag,standing
10 May 2022 22:11:20:812 +0200,-9.534002,0.2753416,2.9401696,43.62,-17.34,-4.2,-0.22011246,0.028001452,0.2766236,insidethebag,standing
10 May 2022 22:11:20:894 +0200,-9.205987,0.57223165,3.014392,43.62,-17.34,-4.2,-0.13581306,0.08481192,0.20026545,insidethebag,standing
10 May 2022 22:11:21:014 +0200,-9.205987,0.57223165,3.014392,43.98,-19.26,-3.3,-0.13581306,0.08481192,0.20026545,insidethebag,standing
10 May 2022 22:11:21:073 +0200,-9.050359,0.49082634,3.050306,43.98,-19.26,-3.3,-0.060676634,0.032888375,0.09886182,insidethebag,standing
10 May 2022 22:11:21:212 +0200,-9.050359,0.49082634,3.050306,43.98,-21.24,-2.9399998,-0.060676634,0.032888375,0.09886182,insidethebag,standing
10 May 2022 22:11:21:252 +0200,-9.270632,0.6296943,3.050306,43.98,-21.24,-2.9399998,-0.13764566,-0.061795738,-0.0068178666,insidethebag,standing
10 May 2022 22:11:21:416 +0200,-9.270632,0.6296943,3.050306,44.34,-23.1,-3.1799998,-0.13764566,-0.061795738,-0.0068178666,insidethebag,standing
10 May 2022 22:11:21:434 +0200,-9.454991,0.51716334,3.1341057,44.34,-23.1,-3.1799998,-0.0857221,-0.11433015,-0.14426254,insidethebag,standing
10 May 2022 22:11:21:618 +0200,-9.454991,0.51716334,3.1341057,44.52,-23.82,-2.9399998,0.057831224,-0.13754302,-0.20412734,insidethebag,standing
10 May 2022 22:11:21:624 +0200,-9.244295,-0.16520496,3.3352249,44.52,-23.82,-2.9399998,0.057831224,-0.13754302,-0.20412734,insidethebag,standing
10 May 2022 22:11:21:796 +0200,-8.854029,-0.37590113,3.806897,44.52,-23.82,-2.9399998,-0.18712573,-0.13143437,-0.03736113,insidethebag,standing
10 May 2022 22:11:21:812 +0200,-8.854029,-0.37590113,3.806897,44.1,-23.1,-4.08,-0.18712573,-0.13143437,-0.03736113,insidethebag,standing
10 May 2022 22:11:21:976 +0200,-9.39274,-0.44054657,3.7829542,44.1,-23.1,-4.08,-0.19567786,-0.22795108,-0.01292652,insidethebag,standing
10 May 2022 22:11:22:015 +0200,-9.39274,-0.44054657,3.7829542,44.04,-22.14,-5.22,-0.19567786,-0.22795108,-0.01292652,insidethebag,standing
10 May 2022 22:11:22:163 +0200,-9.586677,-1.376708,4.1756153,44.04,-22.14,-5.22,-0.19812131,-0.09783679,0.025557991,insidethebag,standing
10 May 2022 22:11:22:214 +0200,-9.586677,-1.376708,4.1756153,44.1,-20.939999,-6.12,-0.19812131,-0.09783679,0.025557991,insidethebag,standing
10 May 2022 22:11:22:333 +0200,-9.014444,-1.1085492,4.312089,44.1,-20.939999,-6.12,0.028509691,0.038997024,-0.08195429,insidethebag,standing
10 May 2022 22:11:22:412 +0200,-9.014444,-1.1085492,4.312089,43.68,-20.64,-6.8999996,0.028509691,0.038997024,-0.08195429,insidethebag,standing
10 May 2022 22:11:22:515 +0200,-8.976136,-1.0055954,4.120547,43.68,-20.64,-6.8999996,0.08348756,0.0066211685,-0.09539332,insidethebag,standing
10 May 2022 22:11:22:615 +0200,-8.976136,-1.0055954,4.120547,44.1,-20.46,-7.3199997,0.08348756,0.0066211685,-0.09539332,insidethebag,standing
10 May 2022 22:11:22:692 +0200,-8.976136,-1.0055954,4.120547,44.1,-20.46,-7.3199997,-0.05823317,-0.067293525,0.018838473,insidethebag,standing
10 May 2022 22:11:22:697 +0200,-9.3831625,-0.70870537,4.1013927,44.1,-20.46,-7.3199997,-0.05823317,-0.067293525,0.018838473,insidethebag,standing
10 May 2022 22:11:22:816 +0200,-9.3831625,-0.70870537,4.1013927,44.04,-20.039999,-7.9199996,-0.05823317,-0.067293525,0.018838473,insidethebag,standing
10 May 2022 22:11:22:873 +0200,-8.492493,-0.67757976,4.503631,44.04,-20.039999,-7.9199996,0.12624814,0.05426866,-0.026365554,insidethebag,standing
10 May 2022 22:11:23:015 +0200,-8.492493,-0.67757976,4.503631,43.92,-19.68,-7.3199997,0.12624814,0.05426866,-0.026365554,insidethebag,standing
10 May 2022 22:11:23:056 +0200,-8.722343,-0.8284191,4.0798445,43.92,-19.68,-7.3199997,-0.0331877,-0.0031526757,0.03472097,insidethebag,standing
10 May 2022 22:11:23:212 +0200,-8.722343,-0.8284191,4.0798445,44.16,-19.02,-7.56,-0.0331877,-0.0031526757,0.03472097,insidethebag,standing
10 May 2022 22:11:23:234 +0200,-8.942616,-0.81644773,4.0319586,44.16,-19.02,-7.56,0.081654966,-0.0037635406,-0.055076223,insidethebag,standing
10 May 2022 22:11:23:414 +0200,-8.971348,-0.600963,4.0750556,43.92,-18.6,-7.5,-0.06861788,0.005399438,0.03472097,insidethebag,standing
10 May 2022 22:11:23:592 +0200,-8.992896,-0.65363705,4.0559015,43.92,-18.6,-7.5,-0.030133372,0.0072320336,0.03472097,insidethebag,standing
10 May 2022 22:11:23:612 +0200,-8.992896,-0.65363705,4.0559015,43.739998,-18.84,-7.44,-0.030133372,0.0072320336,0.03472097,insidethebag,standing
10 May 2022 22:11:23:776 +0200,-9.050359,-0.67757976,3.9577363,43.739998,-18.84,-7.44,-0.022802988,0.01028636,0.02311453,insidethebag,standing
10 May 2022 22:11:23:812 +0200,-9.050359,-0.67757976,3.9577363,43.26,-19.199999,-7.7999997,-0.022802988,0.01028636,0.02311453,insidethebag,standing
10 May 2022 22:11:23:953 +0200,-9.134158,-0.6656084,3.7398572,43.26,-19.199999,-7.7999997,0.08654189,0.053657793,-0.056908816,insidethebag,standing
10 May 2022 22:11:24:015 +0200,-9.134158,-0.6656084,3.7398572,42.96,-19.619999,-7.68,0.08654189,0.053657793,-0.056908816,insidethebag,standing
10 May 2022 22:11:24:133 +0200,-8.660092,-0.7829279,4.0463243,42.96,-19.619999,-7.68,0.066994205,0.034110103,-0.035528533,insidethebag,standing
10 May 2022 22:11:24:212 +0200,-8.660092,-0.7829279,4.0463243,43.14,-19.68,-7.2,0.066994205,0.034110103,-0.035528533,insidethebag,standing
10 May 2022 22:11:24:310 +0200,-8.935433,-0.6273,3.9050622,43.14,-19.68,-7.2,-0.021581259,-0.062406603,0.04449481,insidethebag,standing
10 May 2022 22:11:24:411 +0200,-8.935433,-0.6273,3.9050622,43.739998,-19.26,-6.8999996,-0.021581259,-0.062406603,0.04449481,insidethebag,standing
10 May 2022 22:11:24:495 +0200,-8.882759,-0.80687064,4.022382,43.739998,-19.26,-6.8999996,0.009572869,-0.016591711,0.020671068,insidethebag,standing
10 May 2022 22:11:24:616 +0200,-8.882759,-0.80687064,4.022382,43.92,-19.02,-6.6,0.009572869,-0.016591711,0.020671068,insidethebag,standing
10 May 2022 22:11:24:673 +0200,-8.923462,-0.8834874,4.2665977,43.92,-19.02,-6.6,-0.04296154,0.0023451117,0.046938274,insidethebag,standing
10 May 2022 22:11:24:812 +0200,-8.923462,-0.8834874,4.2665977,44.1,-18.72,-6.6,-0.04296154,0.0023451117,0.046938274,insidethebag,standing
10 May 2022 22:11:24:855 +0200,-8.930645,-0.31604427,3.7829542,44.1,-18.72,-6.6,0.013238061,-0.012315654,-0.0013200798,insidethebag,standing
10 May 2022 22:11:25:016 +0200,-8.930645,-0.31604427,3.7829542,43.68,-19.08,-7.3199997,0.013238061,-0.012315654,-0.0013200798,insidethebag,standing
10 May 2022 22:11:25:031 +0200,-8.930645,-0.31604427,3.7829542,43.68,-19.08,-7.3199997,0.02117931,0.017616743,0.0066211685,insidethebag,standing
10 May 2022 22:11:25:036 +0200,-8.935433,-0.46927786,4.0199876,43.68,-19.08,-7.3199997,0.02117931,0.017616743,0.0066211685,insidethebag,standing
10 May 2022 22:11:25:214 +0200,-9.131764,-0.6201172,3.9170337,43.26,-19.439999,-7.62,0.09142881,0.020671068,-0.019646037,insidethebag,standing
10 May 2022 22:11:25:395 +0200,-9.093455,-0.6201172,3.9002736,43.26,-19.439999,-7.62,0.07982237,-0.008650463,-0.027587285,insidethebag,standing
10 May 2022 22:11:25:412 +0200,-9.093455,-0.6201172,3.9002736,43.32,-19.5,-7.74,0.07982237,-0.008650463,-0.027587285,insidethebag,standing
10 May 2022 22:11:25:574 +0200,-8.964165,-0.65363705,4.06069,43.32,-19.5,-7.74,0.06760506,-0.010483059,-0.05263276,insidethebag,standing
10 May 2022 22:11:25:611 +0200,-8.964165,-0.65363705,4.06069,43.14,-19.32,-8.04,0.06760506,-0.010483059,-0.05263276,insidethebag,standing
10 May 2022 22:11:25:751 +0200,-8.894731,-0.7398309,4.0319586,43.14,-19.32,-8.04,-0.0050878967,-0.019035172,-0.020256903,insidethebag,standing
10 May 2022 22:11:25:815 +0200,-8.894731,-0.7398309,4.0319586,43.379997,-18.9,-7.7999997,-0.0050878967,-0.019035172,-0.020256903,insidethebag,standing
10 May 2022 22:11:25:935 +0200,-8.930645,-0.6847626,4.106181,43.379997,-18.9,-7.7999997,-0.07167221,-0.018424306,0.017005878,insidethebag,standing
10 May 2022 22:11:26:013 +0200,-8.930645,-0.6847626,4.106181,43.2,-18.84,-7.62,-0.07167221,-0.018424306,0.017005878,insidethebag,standing
10 May 2022 22:11:26:115 +0200,-8.913885,-0.75659084,4.106181,43.2,-18.84,-7.62,-0.102826335,-0.026365554,0.041440487,insidethebag,standing
10 May 2022 22:11:26:215 +0200,-8.913885,-0.75659084,4.106181,43.559998,-18.539999,-7.98,-0.102826335,-0.026365554,0.041440487,insidethebag,standing
10 May 2022 22:11:26:293 +0200,-8.942616,-0.723071,4.11097,43.559998,-18.539999,-7.98,-0.10893499,-0.021478632,0.037775297,insidethebag,standing
10 May 2022 22:11:26:415 +0200,-8.942616,-0.723071,4.11097,44.16,-18.9,-7.9199996,-0.10893499,-0.021478632,0.037775297,insidethebag,standing
10 May 2022 22:11:26:472 +0200,-8.873182,-0.6560313,4.2474437,44.16,-18.9,-7.9199996,-0.066174425,-0.0074287322,0.02433626,insidethebag,standing
10 May 2022 22:11:26:613 +0200,-8.873182,-0.6560313,4.2474437,44.16,-19.32,-7.9199996,-0.066174425,-0.0074287322,0.02433626,insidethebag,standing
10 May 2022 22:11:26:658 +0200,-8.870789,-0.71828246,4.1947694,44.16,-19.32,-7.9199996,0.034007482,0.0023451117,-0.017202575,insidethebag,standing
10 May 2022 22:11:26:815 +0200,-8.870789,-0.71828246,4.1947694,44.52,-19.26,-8.16,0.034007482,0.0023451117,-0.017202575,insidethebag,standing
10 May 2022 22:11:26:834 +0200,-8.901914,-0.7829279,4.182798,44.52,-19.26,-8.16,0.06577247,0.0011233811,-0.038582858,insidethebag,standing
10 May 2022 22:11:27:018 +0200,-8.954588,-0.7853221,4.1780095,43.92,-19.439999,-8.22,0.05050084,-0.009261328,-0.020256903,insidethebag,standing
10 May 2022 22:11:27:207 +0200,-8.873182,-0.70631105,4.2378664,43.92,-19.439999,-8.22,-0.0014227051,0.007842899,0.022503665,insidethebag,standing
10 May 2022 22:11:27:212 +0200,-8.873182,-0.70631105,4.2378664,43.92,-19.32,-8.04,-0.0014227051,0.007842899,0.022503665,insidethebag,standing
10 May 2022 22:11:27:376 +0200,-8.8324795,-0.6440599,4.249838,43.92,-19.32,-8.04,-0.009363954,0.006010303,0.01028636,insidethebag,standing
10 May 2022 22:11:27:414 +0200,-8.8324795,-0.6440599,4.249838,44.04,-19.08,-8.22,-0.009363954,0.006010303,0.01028636,insidethebag,standing
10 May 2022 22:11:27:554 +0200,-8.870789,-0.679974,4.1780095,44.04,-19.08,-8.22,-0.019748664,0.0023451117,0.0011233811,insidethebag,standing
10 May 2022 22:11:27:615 +0200,-8.870789,-0.679974,4.1780095,43.62,-18.96,-7.9199996,-0.019748664,0.0023451117,0.0011233811,insidethebag,standing
10 May 2022 22:11:27:734 +0200,-8.940222,-0.72546524,4.1420956,43.62,-18.96,-7.9199996,-0.019137796,0.017005878,-0.004374406,insidethebag,standing
10 May 2022 22:11:27:813 +0200,-8.940222,-0.72546524,4.1420956,43.98,-18.6,-7.68,-0.019137796,0.017005878,-0.004374406,insidethebag,standing
10 May 2022 22:11:27:913 +0200,-9.014444,-0.70631105,4.0463243,43.98,-18.6,-7.68,-0.022802988,0.015784148,0.0011233811,insidethebag,standing
10 May 2022 22:11:28:012 +0200,-9.014444,-0.70631105,4.0463243,43.86,-18.359999,-7.62,-0.022802988,0.015784148,0.0011233811,insidethebag,standing
10 May 2022 22:11:28:093 +0200,-8.854029,-0.75180227,4.0726614,43.86,-18.359999,-7.62,-0.013029145,0.020671068,0.0066211685,insidethebag,standing
10 May 2022 22:11:28:213 +0200,-8.854029,-0.75180227,4.0726614,43.86,-18.66,-7.56,-0.013029145,0.020671068,0.0066211685,insidethebag,standing
10 May 2022 22:11:28:273 +0200,-9.024022,-0.723071,4.07745,43.86,-18.66,-7.56,-0.009363954,-0.009872193,0.006010303,insidethebag,standing
10 May 2022 22:11:28:411 +0200,-9.024022,-0.723071,4.07745,44.1,-18.6,-7.44,-0.009363954,-0.009872193,0.006010303,insidethebag,standing
10 May 2022 22:11:28:453 +0200,-8.937828,-0.71828246,4.0966043,44.1,-18.6,-7.44,0.009572869,0.008453764,-0.010483059,insidethebag,standing
10 May 2022 22:11:28:615 +0200,-8.937828,-0.71828246,4.0966043,44.16,-18.96,-7.14,0.009572869,0.008453764,-0.010483059,insidethebag,standing
10 May 2022 22:11:28:631 +0200,-8.9498,-0.7541966,4.084633,44.16,-18.96,-7.14,0.004075082,-0.0049852715,-0.0074287322,insidethebag,standing
10 May 2022 22:11:28:817 +0200,-8.897125,-0.7589851,4.1325183,43.62,-19.26,-7.08,0.02362277,-0.0013200798,-0.015980845,insidethebag,standing
10 May 2022 22:11:28:992 +0200,-8.937828,-0.7877164,4.130124,43.62,-19.26,-7.08,0.016292388,-0.0031526757,-0.0068178666,insidethebag,standing
10 May 2022 22:11:29:012 +0200,-8.937828,-0.7877164,4.130124,43.26,-18.84,-7.2,0.016292388,-0.0031526757,-0.0068178666,insidethebag,standing
10 May 2022 22:11:29:173 +0200,-8.901914,-0.7350424,4.0989985,43.26,-18.84,-7.2,-0.0069204923,-0.0031526757,0.0072320336,insidethebag,standing
10 May 2022 22:11:29:213 +0200,-8.901914,-0.7350424,4.0989985,43.44,-18.6,-7.3199997,-0.0069204923,-0.0031526757,0.0072320336,insidethebag,standing
10 May 2022 22:11:29:351 +0200,-8.877971,-0.77574503,4.14449,43.44,-18.6,-7.3199997,0.008351139,0.0029559769,0.0072320336,insidethebag,standing
10 May 2022 22:11:29:412 +0200,-8.877971,-0.77574503,4.14449,43.32,-18.24,-7.56,0.008351139,0.0029559769,0.0072320336,insidethebag,standing
10 May 2022 22:11:29:534 +0200,-8.875577,-0.7134939,4.1612496,43.32,-18.24,-7.56,-2.0097467E-4,-0.0025418103,0.008453764,insidethebag,standing
10 May 2022 22:11:29:612 +0200,-8.875577,-0.7134939,4.1612496,43.98,-18.48,-7.7999997,-2.0097467E-4,-0.0025418103,0.008453764,insidethebag,standing
10 May 2022 22:11:29:714 +0200,-8.925857,-0.7015225,4.166038,43.98,-18.48,-7.7999997,0.014459792,5.1251595E-4,-0.004374406,insidethebag,standing
10 May 2022 22:11:29:812 +0200,-8.925857,-0.7015225,4.166038,44.28,-18.3,-7.74,0.014459792,5.1251595E-4,-0.004374406,insidethebag,standing
10 May 2022 22:11:29:892 +0200,-8.966559,-0.7398309,4.1157584,44.28,-18.3,-7.74,0.0059076776,0.004788573,-0.0013200798,insidethebag,standing
10 May 2022 22:11:30:012 +0200,-8.966559,-0.7398309,4.1157584,44.16,-18.42,-7.98,0.0059076776,0.004788573,-0.0013200798,insidethebag,standing
10 May 2022 22:11:30:075 +0200,-8.909097,-0.7110996,4.146884,44.16,-18.42,-7.98,-0.006309627,0.012118956,5.1251595E-4,insidethebag,standing
10 May 2022 22:11:30:211 +0200,-8.909097,-0.7110996,4.146884,44.1,-18.779999,-8.04,-0.006309627,0.012118956,5.1251595E-4,insidethebag,standing
10 May 2022 22:11:30:253 +0200,-8.925857,-0.6943397,4.0989985,44.1,-18.779999,-8.04,-0.01486174,0.006010303,0.00906463,insidethebag,standing
10 May 2022 22:11:30:411 +0200,-8.925857,-0.6943397,4.0989985,43.68,-18.18,-7.74,-0.01486174,0.006010303,0.00906463,insidethebag,standing
10 May 2022 22:11:30:431 +0200,-8.925857,-0.6943397,4.0989985,43.68,-18.18,-7.74,-0.004477031,0.004788573,0.0041777072,insidethebag,standing
10 May 2022 22:11:30:437 +0200,-8.91628,-0.6560313,4.087027,43.68,-18.18,-7.74,-0.004477031,0.004788573,0.0041777072,insidethebag,standing
10 May 2022 22:11:30:616 +0200,-8.91628,-0.6560313,4.087027,43.98,-18.42,-7.62,0.0089620035,-9.83493E-5,-0.0049852715,insidethebag,standing
10 May 2022 22:11:30:621 +0200,-8.976136,-0.7398309,4.084633,43.98,-18.42,-7.62,0.0089620035,-9.83493E-5,-0.0049852715,insidethebag,standing
10 May 2022 22:11:30:793 +0200,-8.91149,-0.68715686,4.12773,43.98,-18.42,-7.62,-2.0097467E-4,-9.83493E-5,-0.0049852715,insidethebag,standing
10 May 2022 22:11:30:811 +0200,-8.91149,-0.68715686,4.12773,43.68,-18.359999,-7.14,-2.0097467E-4,-9.83493E-5,-0.0049852715,insidethebag,standing
10 May 2022 22:11:30:972 +0200,-8.976136,-0.80687064,4.0726614,43.68,-18.359999,-7.14,0.022401039,-0.0055961367,-0.004374406,insidethebag,standing
10 May 2022 22:11:31:011 +0200,-8.976136,-0.80687064,4.0726614,43.559998,-18.18,-7.2599998,0.022401039,-0.0055961367,-0.004374406,insidethebag,standing
10 May 2022 22:11:31:152 +0200,-8.937828,-0.7829279,4.0151987,43.559998,-18.18,-7.2599998,0.0028533516,5.1251595E-4,-0.014148249,insidethebag,standing
10 May 2022 22:11:31:213 +0200,-8.937828,-0.7829279,4.0151987,43.32,-18.48,-7.2,0.0028533516,5.1251595E-4,-0.014148249,insidethebag,standing
10 May 2022 22:11:31:332 +0200,-8.906702,-0.94095,4.087027,43.32,-18.48,-7.2,0.051111706,-0.02575469,-0.03736113,insidethebag,standing
10 May 2022 22:11:31:408 +0200,-8.906702,-0.94095,4.087027,42.66,-18.72,-7.2599998,0.051111706,-0.02575469,-0.03736113,insidethebag,standing
10 May 2022 22:11:31:511 +0200,-8.971348,-0.76137936,4.2211065,42.66,-18.72,-7.2599998,-0.066174425,-0.028809015,0.003566842,insidethebag,standing
10 May 2022 22:11:31:612 +0200,-8.971348,-0.76137936,4.2211065,42.78,-19.02,-7.62,-0.066174425,-0.028809015,0.003566842,insidethebag,standing
10 May 2022 22:11:31:693 +0200,-8.91149,-0.84039044,4.199558,42.78,-19.02,-7.62,-0.055178847,-9.83493E-5,5.1251595E-4,insidethebag,standing
10 May 2022 22:11:31:812 +0200,-8.91149,-0.84039044,4.199558,43.079998,-18.96,-7.2,-0.055178847,-9.83493E-5,5.1251595E-4,insidethebag,standing
10 May 2022 22:11:31:873 +0200,-8.842057,-0.90982443,4.182798,43.079998,-18.96,-7.2,-0.040518083,0.020060204,0.0023451117,insidethebag,standing
10 May 2022 22:11:32:010 +0200,-8.842057,-0.90982443,4.182798,43.5,-18.96,-7.3799996,-0.040518083,0.020060204,0.0023451117,insidethebag,standing
10 May 2022 22:11:32:051 +0200,-8.825297,-0.6560313,4.1540666,43.5,-18.96,-7.3799996,-0.03807462,0.007842899,0.026779722,insidethebag,standing
10 May 2022 22:11:32:213 +0200,-8.825297,-0.6560313,4.1540666,43.44,-18.42,-7.68,-0.03807462,0.007842899,0.026779722,insidethebag,standing
10 May 2022 22:11:32:232 +0200,-8.8636055,-0.6751855,4.1253357,43.44,-18.42,-7.68,0.04378132,0.003566842,0.004788573,insidethebag,standing
10 May 2022 22:11:32:414 +0200,-8.93304,-1.0295382,4.09421,43.44,-18.18,-7.9199996,0.158624,0.0029559769,-0.06546093,insidethebag,standing
10 May 2022 22:11:32:592 +0200,-8.827691,-1.0223553,4.173221,43.44,-18.18,-7.9199996,0.046224784,-0.022089498,-0.016591711,insidethebag,standing
10 May 2022 22:11:32:610 +0200,-8.827691,-1.0223553,4.173221,43.02,-18.539999,-8.34,0.046224784,-0.022089498,-0.016591711,insidethebag,standing
10 May 2022 22:11:32:773 +0200,-8.846846,-0.7134939,4.3240604,43.02,-18.539999,-8.34,-0.1333696,-0.04346978,0.079314135,insidethebag,standing
10 May 2022 22:11:32:811 +0200,-8.846846,-0.7134939,4.3240604,42.96,-18.24,-8.639999,-0.1333696,-0.04346978,0.079314135,insidethebag,standing
10 May 2022 22:11:32:952 +0200,-8.8324795,-0.63208854,4.400677,42.96,-18.24,-8.639999,-0.17674103,-0.025143825,0.09458576,insidethebag,standing
10 May 2022 22:11:33:013 +0200,-8.8324795,-0.63208854,4.400677,43.559998,-18.72,-8.4,-0.17674103,-0.025143825,0.09458576,insidethebag,standing
10 May 2022 22:11:33:133 +0200,-8.794171,-0.7853221,4.3216662,43.559998,-18.72,-8.4,0.0077402736,-0.045302376,-0.008039597,insidethebag,standing
10 May 2022 22:11:33:212 +0200,-8.794171,-0.7853221,4.3216662,43.8,-19.08,-8.099999,0.0077402736,-0.045302376,-0.008039597,insidethebag,standing
10 May 2022 22:11:33:313 +0200,-8.755863,-0.71828246,4.460534,43.8,-19.08,-8.099999,-0.05640058,-0.044691514,0.035331838,insidethebag,standing
10 May 2022 22:11:33:412 +0200,-8.755863,-0.71828246,4.460534,44.16,-18.72,-8.5199995,-0.05640058,-0.044691514,0.035331838,insidethebag,standing
10 May 2022 22:11:33:492 +0200,-8.8085375,-0.6177229,4.4485626,44.16,-18.72,-8.5199995,-0.04662673,-0.042858917,0.045716546,insidethebag,standing
10 May 2022 22:11:33:613 +0200,-8.8085375,-0.6177229,4.4485626,43.8,-19.26,-8.7,-0.04662673,-0.042858917,0.045716546,insidethebag,standing
10 May 2022 22:11:33:672 +0200,-8.727132,-0.75180227,4.503631,43.8,-19.26,-8.7,0.034618344,-0.015980845,-0.0117047895,insidethebag,standing
10 May 2022 22:11:33:812 +0200,-8.727132,-0.75180227,4.503631,43.8,-19.26,-9.179999,0.034618344,-0.015980845,-0.0117047895,insidethebag,standing
10 May 2022 22:11:33:853 +0200,-8.722343,-0.6560313,4.5682764,43.8,-19.26,-9.179999,0.024233636,0.0029559769,-0.020256903,insidethebag,standing
10 May 2022 22:11:34:012 +0200,-8.722343,-0.6560313,4.5682764,43.92,-18.96,-9.78,0.024233636,0.0029559769,-0.020256903,insidethebag,standing
10 May 2022 22:11:34:032 +0200,-8.73192,-0.69194543,4.517997,43.92,-18.96,-9.78,0.035840075,0.023725396,-0.017202575,insidethebag,standing
10 May 2022 22:11:34:216 +0200,-8.736709,-0.7302538,4.5419393,44.1,-19.38,-9.66,0.042559594,0.012118956,0.0011233811,insidethebag,standing
10 May 2022 22:11:34:392 +0200,-8.696006,-0.6703969,4.450957,44.1,-19.38,-9.66,0.016903251,0.016395012,-0.01292652,insidethebag,standing
10 May 2022 22:11:34:412 +0200,-8.696006,-0.6703969,4.450957,44.7,-19.26,-9.36,0.016903251,0.016395012,-0.01292652,insidethebag,standing
10 May 2022 22:11:34:572 +0200,-8.597841,-0.80208206,4.4749,44.7,-19.26,-9.36,0.0016316212,0.023725396,-0.019035172,insidethebag,standing
10 May 2022 22:11:34:611 +0200,-8.597841,-0.80208206,4.4749,44.46,-19.199999,-9.36,0.0016316212,0.023725396,-0.019035172,insidethebag,standing
10 May 2022 22:11:34:753 +0200,-8.818114,-0.69912827,4.4653225,44.46,-19.199999,-9.36,-0.03563116,-0.035528533,-0.020256903,insidethebag,standing
10 May 2022 22:11:34:813 +0200,-8.818114,-0.69912827,4.4653225,44.28,-19.68,-9.24,-0.03563116,-0.035528533,-0.020256903,insidethebag,standing
10 May 2022 22:11:34:932 +0200,-8.791777,-0.7853221,4.4246197,44.28,-19.68,-9.24,0.0089620035,-0.009872193,-0.014148249,insidethebag,standing
10 May 2022 22:11:35:014 +0200,-8.791777,-0.7853221,4.4246197,43.68,-19.439999,-9.24,0.0089620035,-0.009872193,-0.014148249,insidethebag,standing
10 May 2022 22:11:35:115 +0200,-8.722343,-0.7948992,4.529968,43.68,-19.439999,-9.24,0.0071294084,0.0072320336,0.01150809,insidethebag,standing
10 May 2022 22:11:35:214 +0200,-8.722343,-0.7948992,4.529968,43.379997,-19.26,-9.78,0.0071294084,0.0072320336,0.01150809,insidethebag,standing
10 May 2022 22:11:35:293 +0200,-8.722343,-0.7948992,4.529968,43.379997,-19.26,-9.78,-0.008753088,-0.0049852715,0.005399438,insidethebag,standing
10 May 2022 22:11:35:300 +0200,-8.803748,-0.7637737,4.479688,43.379997,-19.26,-9.78,-0.008753088,-0.0049852715,0.005399438,insidethebag,standing
10 May 2022 22:11:35:422 +0200,-8.803748,-0.7637737,4.479688,43.32,-19.08,-9.78,-0.008753088,-0.0049852715,0.005399438,insidethebag,standing
10 May 2022 22:11:35:469 +0200,-8.758257,-0.80208206,4.455745,43.32,-19.08,-9.78,-0.009974819,-0.0049852715,-0.0074287322,insidethebag,standing
10 May 2022 22:11:35:610 +0200,-8.758257,-0.80208206,4.455745,43.26,-18.6,-9.719999,-0.009974819,-0.0049852715,-0.0074287322,insidethebag,standing
10 May 2022 22:11:35:652 +0200,-8.755863,-0.7733508,4.5443335,43.26,-18.6,-9.719999,-0.027689911,0.0066211685,-0.0019309451,insidethebag,standing
10 May 2022 22:11:35:813 +0200,-8.755863,-0.7733508,4.5443335,43.2,-18.42,-9.66,-0.027689911,0.0066211685,-0.0019309451,insidethebag,standing
10 May 2022 22:11:35:833 +0200,-8.688824,-0.818842,4.5060253,43.2,-18.42,-9.66,-0.008142223,-0.0019309451,-0.008039597,insidethebag,standing
10 May 2022 22:11:36:013 +0200,-8.6984005,-0.749408,4.520391,43.26,-18.3,-9.599999,-0.009974819,-0.0025418103,-0.0049852715,insidethebag,standing
10 May 2022 22:11:36:192 +0200,-8.79896,-0.8236305,4.486871,43.26,-18.3,-9.599999,0.02606623,-0.0019309451,-0.016591711,insidethebag,standing
10 May 2022 22:11:36:213 +0200,-8.79896,-0.8236305,4.486871,43.14,-18.359999,-9.3,0.02606623,-0.0019309451,-0.016591711,insidethebag,standing
10 May 2022 22:11:36:372 +0200,-8.76544,-0.7733508,4.486871,43.14,-18.359999,-9.3,0.011405465,0.0011233811,-0.0074287322,insidethebag,standing
10 May 2022 22:11:36:412 +0200,-8.76544,-0.7733508,4.486871,43.14,-18.48,-9.059999,0.011405465,0.0011233811,-0.0074287322,insidethebag,standing
10 May 2022 22:11:36:551 +0200,-8.705584,-0.7446195,4.460534,43.14,-18.48,-9.059999,-0.0014227051,-9.83493E-5,0.0029559769,insidethebag,standing
10 May 2022 22:11:36:609 +0200,-8.705584,-0.7446195,4.460534,43.559998,-18.539999,-9.42,-0.0014227051,-9.83493E-5,0.0029559769,insidethebag,standing
10 May 2022 22:11:36:733 +0200,-8.712766,-0.77574503,4.5060253,43.559998,-18.539999,-9.42,0.011405465,0.0023451117,0.0017342464,insidethebag,standing
10 May 2022 22:11:36:812 +0200,-8.712766,-0.77574503,4.5060253,43.26,-18.539999,-9.36,0.011405465,0.0023451117,0.0017342464,insidethebag,standing
10 May 2022 22:11:36:912 +0200,-8.758257,-0.8236305,4.470111,43.26,-18.539999,-9.36,0.004075082,-0.0068178666,-0.0037635406,insidethebag,standing
10 May 2022 22:11:37:011 +0200,-8.758257,-0.8236305,4.470111,43.26,-18.42,-9.66,0.004075082,-0.0068178666,-0.0037635406,insidethebag,standing
10 May 2022 22:11:37:091 +0200,-8.767835,-0.7948992,4.494054,43.26,-18.42,-9.66,0.010183735,5.1251595E-4,-0.009261328,insidethebag,standing
10 May 2022 22:11:37:212 +0200,-8.767835,-0.7948992,4.494054,43.379997,-18.539999,-10.26,0.010183735,5.1251595E-4,-0.009261328,insidethebag,standing
10 May 2022 22:11:37:272 +0200,-8.648121,-0.7685622,4.5084195,43.379997,-18.539999,-10.26,0.0059076776,0.006010303,-0.0025418103,insidethebag,standing
10 May 2022 22:11:37:411 +0200,-8.648121,-0.7685622,4.5084195,43.14,-18.48,-10.08,0.0059076776,0.006010303,-0.0025418103,insidethebag,standing
10 May 2022 22:11:37:452 +0200,-8.784595,-0.88109314,4.4294086,43.14,-18.48,-10.08,-0.003866166,0.0041777072,0.0029559769,insidethebag,standing
10 May 2022 22:11:37:611 +0200,-8.784595,-0.88109314,4.4294086,43.26,-18.48,-10.0199995,-0.003866166,0.0041777072,0.0029559769,insidethebag,standing
10 May 2022 22:11:37:631 +0200,-8.801354,-0.76616794,4.635316,43.26,-18.48,-10.0199995,-0.023413854,0.021892799,-0.0031526757,insidethebag,standing
10 May 2022 22:11:37:814 +0200,-8.846846,-0.75180227,4.393494,43.559998,-18.3,-9.66,0.04561392,0.031055778,-0.011093924,insidethebag,standing
10 May 2022 22:11:37:991 +0200,-8.779806,-0.76616794,4.338426,43.559998,-18.3,-9.66,0.07249199,0.021281935,-0.017813442,insidethebag,standing
10 May 2022 22:11:38:009 +0200,-8.779806,-0.76616794,4.338426,43.379997,-17.94,-9.3,0.07249199,0.021281935,-0.017813442,insidethebag,standing
10 May 2022 22:11:38:173 +0200,-8.7822,-0.85954463,4.278569,43.379997,-17.94,-9.3,0.07493545,0.016395012,-0.018424306,insidethebag,standing
10 May 2022 22:11:38:211 +0200,-8.7822,-0.85954463,4.278569,43.559998,-17.76,-9.059999,0.07493545,0.016395012,-0.018424306,insidethebag,standing
10 May 2022 22:11:38:356 +0200,-8.813326,-0.8236305,4.328849,43.559998,-17.76,-9.059999,-0.005698762,-0.0019309451,0.015784148,insidethebag,standing
10 May 2022 22:11:38:413 +0200,-8.813326,-0.8236305,4.328849,43.739998,-18.18,-8.7,-0.005698762,-0.0019309451,0.015784148,insidethebag,standing
10 May 2022 22:11:38:532 +0200,-8.844451,-0.6608198,4.350397,43.739998,-18.18,-8.7,-0.0612875,0.0041777072,0.024947125,insidethebag,standing
10 May 2022 22:11:38:627 +0200,-8.844451,-0.6608198,4.350397,43.68,-18.539999,-8.76,-0.0612875,0.0041777072,0.024947125,insidethebag,standing
10 May 2022 22:11:38:715 +0200,-8.877971,-0.845179,4.278569,43.68,-18.539999,-8.76,-0.031965967,0.0072320336,-0.011093924,insidethebag,standing
10 May 2022 22:11:38:815 +0200,-8.877971,-0.845179,4.278569,43.62,-18.84,-8.76,-0.031965967,0.0072320336,-0.011093924,insidethebag,standing
10 May 2022 22:11:38:893 +0200,-8.877971,-0.7398309,4.288146,43.62,-18.84,-8.76,-0.04173981,-0.0013200798,-0.022700364,insidethebag,standing
10 May 2022 22:11:39:015 +0200,-8.877971,-0.7398309,4.288146,43.8,-18.72,-8.46,-0.04173981,-0.0013200798,-0.022700364,insidethebag,standing
10 May 2022 22:11:39:072 +0200,-8.937828,-0.80208206,4.400677,43.8,-18.72,-8.46,-0.008753088,0.017005878,-0.06362833,insidethebag,standing
10 May 2022 22:11:39:211 +0200,-8.937828,-0.80208206,4.400677,43.62,-18.3,-8.5199995,-0.008753088,0.017005878,-0.06362833,insidethebag,standing
10 May 2022 22:11:39:254 +0200,-8.509253,-1.6759924,4.6233444,43.62,-18.3,-8.5199995,0.20993668,0.041440487,-0.11738448,insidethebag,standing
10 May 2022 22:11:39:411 +0200,-8.509253,-1.6759924,4.6233444,43.739998,-17.82,-8.76,0.20993668,0.041440487,-0.11738448,insidethebag,standing
10 May 2022 22:11:39:433 +0200,-8.482916,-1.3575538,4.3887057,43.739998,-17.82,-8.76,0.16045658,0.03960789,-0.09661506,insidethebag,standing
10 May 2022 22:11:39:613 +0200,-8.810931,-1.5921928,4.410254,43.98,-17.279999,-8.5199995,0.27163407,0.059766445,-0.19313176,insidethebag,standing
10 May 2022 22:11:39:792 +0200,-8.882759,-1.0822122,4.309695,43.98,-17.279999,-8.5199995,-0.19323438,-0.10455631,0.11596605,insidethebag,standing
10 May 2022 22:11:39:811 +0200,-8.882759,-1.0822122,4.309695,43.8,-16.74,-8.7,-0.19323438,-0.10455631,0.11596605,insidethebag,standing
10 May 2022 22:11:39:974 +0200,-8.719949,-1.3072741,4.678413,43.8,-16.74,-8.7,-0.2561535,-0.11921707,0.2082067,insidethebag,standing
10 May 2022 22:11:40:011 +0200,-8.719949,-1.3072741,4.678413,43.68,-16.32,-8.76,-0.2561535,-0.11921707,0.2082067,insidethebag,standing
10 May 2022 22:11:40:152 +0200,-9.141341,-0.6560313,4.173221,43.68,-16.32,-8.76,-0.24454707,-0.073402174,0.21126103,insidethebag,standing
10 May 2022 22:11:40:213 +0200,-9.141341,-0.6560313,4.173221,43.379997,-16.619999,-8.639999,-0.24454707,-0.073402174,0.21126103,insidethebag,standing
10 May 2022 22:11:40:332 +0200,-8.241094,-1.3862851,4.896292,43.379997,-16.619999,-8.639999,-0.13642392,0.09764009,0.18804814,insidethebag,standing
10 May 2022 22:11:40:412 +0200,-8.241094,-1.3862851,4.896292,43.14,-17.279999,-8.94,-0.13642392,0.09764009,0.18804814,insidethebag,standing
10 May 2022 22:11:40:512 +0200,-9.021627,0.05027977,4.40786,43.14,-17.279999,-8.94,0.028509691,0.037775297,-0.020867767,insidethebag,standing
10 May 2022 22:11:40:612 +0200,-9.021627,0.05027977,4.40786,42.899998,-18.72,-9.0,0.028509691,0.037775297,-0.020867767,insidethebag,standing
10 May 2022 22:11:40:691 +0200,-8.801354,-1.0774237,4.1947694,42.899998,-18.72,-9.0,0.120750345,0.021281935,-0.030641612,insidethebag,standing
10 May 2022 22:11:40:812 +0200,-8.801354,-1.0774237,4.1947694,42.96,-19.56,-9.24,0.120750345,0.021281935,-0.030641612,insidethebag,standing
10 May 2022 22:11:40:872 +0200,-8.801354,-1.0774237,4.1947694,42.96,-19.56,-9.24,0.043170456,-7.092146E-4,-0.050800163,insidethebag,standing
10 May 2022 22:11:40:877 +0200,-8.901914,-0.43336374,4.2905407,42.96,-19.56,-9.24,0.043170456,-7.092146E-4,-0.050800163,insidethebag,standing
10 May 2022 22:11:41:009 +0200,-8.901914,-0.43336374,4.2905407,43.079998,-19.74,-9.24,0.043170456,-7.092146E-4,-0.050800163,insidethebag,standing
10 May 2022 22:11:41:052 +0200,-8.789383,-0.7877164,4.4030714,43.079998,-19.74,-9.24,0.116474286,0.0023451117,-0.05263276,insidethebag,standing
10 May 2022 22:11:41:209 +0200,-8.789383,-0.7877164,4.4030714,43.2,-19.74,-9.36,0.116474286,0.0023451117,-0.05263276,insidethebag,standing
10 May 2022 22:11:41:232 +0200,-8.770228,-0.76137936,4.4270144,43.2,-19.74,-9.36,0.022401039,-0.0037635406,-0.0025418103,insidethebag,standing
10 May 2022 22:11:41:413 +0200,-8.770228,-0.76137936,4.4270144,43.62,-19.439999,-9.24,-0.043572407,0.0041777072,0.026779722,insidethebag,standing
10 May 2022 22:11:41:418 +0200,-8.7534685,-0.69912827,4.434197,43.62,-19.439999,-9.24,-0.043572407,0.0041777072,0.026779722,insidethebag,standing
10 May 2022 22:11:41:592 +0200,-8.796566,-0.6105401,4.4749,43.62,-19.439999,-9.24,-0.040518083,-0.0025418103,0.012118956,insidethebag,standing
10 May 2022 22:11:41:612 +0200,-8.796566,-0.6105401,4.4749,43.44,-19.02,-9.059999,-0.040518083,-0.0025418103,0.012118956,insidethebag,standing
10 May 2022 22:11:41:771 +0200,-8.806143,-0.69673395,4.393494,43.44,-19.02,-9.059999,0.022401039,-0.004374406,-0.023922095,insidethebag,standing
10 May 2022 22:11:41:810 +0200,-8.806143,-0.69673395,4.393494,43.5,-19.32,-8.88,0.022401039,-0.004374406,-0.023922095,insidethebag,standing
10 May 2022 22:11:41:952 +0200,-8.760652,-0.55307746,4.4629283,43.5,-19.32,-8.88,0.0107946,0.00906463,-0.015369981,insidethebag,standing
10 May 2022 22:11:42:012 +0200,-8.760652,-0.55307746,4.4629283,43.32,-19.14,-8.5199995,0.0107946,0.00906463,-0.015369981,insidethebag,standing
10 May 2022 22:11:42:132 +0200,-8.779806,-0.6895511,4.4054656,43.32,-19.14,-8.5199995,0.046835646,0.02311453,-0.014759115,insidethebag,standing
10 May 2022 22:11:42:211 +0200,-8.779806,-0.6895511,4.4054656,43.2,-19.14,-8.28,0.046835646,0.02311453,-0.014759115,insidethebag,standing
10 May 2022 22:11:42:312 +0200,-8.794171,-0.69194543,4.3240604,43.2,-19.14,-8.28,0.028509691,0.020060204,-0.014148249,insidethebag,standing
10 May 2022 22:11:42:411 +0200,-8.794171,-0.69194543,4.3240604,43.5,-19.199999,-8.04,0.028509691,0.020060204,-0.014148249,insidethebag,standing
10 May 2022 22:11:42:492 +0200,-8.739103,-0.6201172,4.3767343,43.5,-19.199999,-8.04,-0.050291922,0.017005878,0.014562417,insidethebag,standing
10 May 2022 22:11:42:613 +0200,-8.739103,-0.6201172,4.3767343,43.5,-18.72,-8.34,-0.050291922,0.017005878,0.014562417,insidethebag,standing
10 May 2022 22:11:42:673 +0200,-8.784595,-0.69194543,4.309695,43.5,-18.72,-8.34,-0.053346254,0.0017342464,0.023725396,insidethebag,standing
10 May 2022 22:11:42:809 +0200,-8.784595,-0.69194543,4.309695,43.98,-18.96,-8.099999,-0.053346254,0.0017342464,0.023725396,insidethebag,standing
10 May 2022 22:11:42:851 +0200,-8.904308,-0.7709565,4.3073006,43.98,-18.96,-8.099999,-0.06373096,-0.0013200798,0.022503665,insidethebag,standing
10 May 2022 22:11:43:013 +0200,-8.904308,-0.7709565,4.3073006,43.62,-18.66,-8.22,-0.06373096,-0.0013200798,0.022503665,insidethebag,standing
10 May 2022 22:11:43:031 +0200,-8.8324795,-0.68236834,4.312089,43.62,-18.66,-8.22,-0.069228746,0.010897226,0.028001452,insidethebag,standing
10 May 2022 22:11:43:213 +0200,-8.772623,-0.74222517,4.398283,43.68,-18.84,-8.099999,-0.028911643,-0.0037635406,0.004788573,insidethebag,standing
10 May 2022 22:11:43:394 +0200,-8.854029,-0.6847626,4.295329,43.68,-18.84,-8.099999,0.018124983,-0.014759115,-0.020867767,insidethebag,standing
10 May 2022 22:11:43:411 +0200,-8.854029,-0.6847626,4.295329,43.68,-19.14,-7.5,0.018124983,-0.014759115,-0.020867767,insidethebag,standing
10 May 2022 22:11:43:573 +0200,-8.877971,-0.85954463,4.288146,43.68,-19.14,-7.5,0.04378132,-0.019035172,-0.023311228,insidethebag,standing
10 May 2022 22:11:43:611 +0200,-8.877971,-0.85954463,4.288146,43.559998,-18.779999,-7.8599997,0.04378132,-0.019035172,-0.023311228,insidethebag,standing
10 May 2022 22:11:43:749 +0200,-8.834874,-0.8236305,4.3623686,43.559998,-18.779999,-7.8599997,0.023011904,-0.02819815,-0.009261328,insidethebag,standing
10 May 2022 22:11:43:811 +0200,-8.834874,-0.8236305,4.3623686,43.739998,-18.96,-8.28,0.023011904,-0.02819815,-0.009261328,insidethebag,standing
10 May 2022 22:11:43:931 +0200,-8.813326,-0.86912173,4.3767343,43.739998,-18.96,-8.28,0.0016316212,-0.015980845,0.007842899,insidethebag,standing
10 May 2022 22:11:44:011 +0200,-8.813326,-0.86912173,4.3767343,43.739998,-18.539999,-8.5199995,0.0016316212,-0.015980845,0.007842899,insidethebag,standing
10 May 2022 22:11:44:111 +0200,-8.770228,-0.73743665,4.443774,43.739998,-18.539999,-8.5199995,-0.036242023,-0.0019309451,0.008453764,insidethebag,standing
10 May 2022 22:11:44:211 +0200,-8.770228,-0.73743665,4.443774,43.379997,-18.42,-9.0,-0.036242023,-0.0019309451,0.008453764,insidethebag,standing
10 May 2022 22:11:44:293 +0200,-8.672064,-0.7685622,4.3887057,43.379997,-18.42,-9.0,-0.010585683,5.1251595E-4,-0.0019309451,insidethebag,standing
10 May 2022 22:11:44:413 +0200,-8.672064,-0.7685622,4.3887057,43.44,-18.48,-9.179999,-0.010585683,5.1251595E-4,-0.0019309451,insidethebag,standing
10 May 2022 22:11:44:470 +0200,-8.772623,-0.84996754,4.434197,43.44,-18.48,-9.179999,-0.0050878967,-0.006207002,0.0023451117,insidethebag,standing
10 May 2022 22:11:44:612 +0200,-8.772623,-0.84996754,4.434197,43.44,-18.48,-8.76,-0.0050878967,-0.006207002,0.0023451117,insidethebag,standing
10 May 2022 22:11:44:653 +0200,-8.767835,-0.83081335,4.3791285,43.44,-18.48,-8.76,-0.020359527,-0.006207002,-0.011093924,insidethebag,standing
10 May 2022 22:11:44:810 +0200,-8.767835,-0.83081335,4.3791285,43.44,-18.84,-8.88,-0.020359527,-0.006207002,-0.011093924,insidethebag,standing
10 May 2022 22:11:44:829 +0200,-8.81572,-0.86193895,4.398283,43.44,-18.84,-8.88,-0.025857314,-0.0037635406,-0.014148249,insidethebag,standing
10 May 2022 22:11:45:012 +0200,-8.779806,-0.82123625,4.450957,43.739998,-18.84,-8.94,-0.025857314,-0.0037635406,-0.014148249,insidethebag,standing
10 May 2022 22:11:45:017 +0200,-8.779806,-0.82123625,4.450957,43.739998,-18.84,-8.94,-0.011807414,0.015173282,-0.006207002,insidethebag,standing
10 May 2022 22:11:45:189 +0200,-8.719949,-0.9217958,4.400677,43.739998,-18.84,-8.94,-0.013029145,0.013951551,0.006010303,insidethebag,standing
10 May 2022 22:11:45:210 +0200,-8.719949,-0.9217958,4.400677,43.44,-18.9,-8.82,-0.013029145,0.013951551,0.006010303,insidethebag,standing
10 May 2022 22:11:45:371 +0200,-8.830086,-0.8379962,4.3695517,43.44,-18.9,-8.82,-0.011807414,0.005399438,-7.092146E-4,insidethebag,standing
10 May 2022 22:11:45:411 +0200,-8.830086,-0.8379962,4.3695517,43.62,-18.779999,-8.88,-0.011807414,0.005399438,-7.092146E-4,insidethebag,standing
10 May 2022 22:11:45:551 +0200,-8.8085375,-0.87630457,4.3456087,43.62,-18.779999,-8.88,-0.008753088,0.003566842,0.0017342464,insidethebag,standing
10 May 2022 22:11:45:610 +0200,-8.8085375,-0.87630457,4.3456087,43.68,-18.6,-8.58,-0.008753088,0.003566842,0.0017342464,insidethebag,standing
10 May 2022 22:11:45:728 +0200,-8.81572,-0.87630457,4.355186,43.68,-18.6,-8.58,0.016292388,0.01150809,0.0017342464,insidethebag,standing
10 May 2022 22:11:45:807 +0200,-8.81572,-0.87630457,4.355186,43.739998,-18.48,-8.28,0.016292388,0.01150809,0.0017342464,insidethebag,standing
10 May 2022 22:11:45:908 +0200,-8.796566,-0.88109314,4.355186,43.739998,-18.48,-8.28,0.016292388,0.01150809,0.0017342464,insidethebag,standing
10 May 2022 22:11:45:917 +0200,-8.796566,-0.88109314,4.355186,43.739998,-18.48,-8.28,0.017514119,0.00906463,-9.83493E-5,insidethebag,standing
10 May 2022 22:11:46:015 +0200,-8.796566,-0.88109314,4.355186,43.98,-18.359999,-8.04,0.017514119,0.00906463,-9.83493E-5,insidethebag,standing
10 May 2022 22:11:46:092 +0200,-8.794171,-0.8475733,4.292935,43.98,-18.359999,-8.04,0.006518543,5.1251595E-4,0.0017342464,insidethebag,standing
10 May 2022 22:11:46:215 +0200,-8.794171,-0.8475733,4.292935,44.04,-18.3,-7.9199996,0.006518543,5.1251595E-4,0.0017342464,insidethebag,standing
10 May 2022 22:11:46:271 +0200,-8.79896,-0.8547561,4.312089,44.04,-18.3,-7.9199996,-0.0014227051,5.1251595E-4,-0.0019309451,insidethebag,standing
10 May 2022 22:11:46:410 +0200,-8.79896,-0.8547561,4.312089,43.92,-18.06,-8.22,-0.0014227051,5.1251595E-4,-0.0019309451,insidethebag,standing
10 May 2022 22:11:46:451 +0200,-8.842057,-0.8667275,4.3192716,43.92,-18.06,-8.22,-0.0069204923,-0.0055961367,-0.0025418103,insidethebag,standing
10 May 2022 22:11:46:612 +0200,-8.842057,-0.8667275,4.3192716,43.92,-18.119999,-8.16,-0.0069204923,-0.0055961367,-0.0025418103,insidethebag,standing
10 May 2022 22:11:46:633 +0200,-8.837268,-0.87151605,4.288146,43.92,-18.119999,-8.16,-0.008142223,-0.0013200798,-7.092146E-4,insidethebag,standing
10 May 2022 22:11:46:812 +0200,-8.779806,-0.87151605,4.40786,43.68,-18.24,-8.4,-0.020359527,-7.092146E-4,0.0023451117,insidethebag,standing
10 May 2022 22:11:46:992 +0200,-8.772623,-0.90982443,4.364763,43.68,-18.24,-8.4,-8.1183994E-4,-0.0068178666,-0.0074287322,insidethebag,standing
10 May 2022 22:11:47:011 +0200,-8.772623,-0.90982443,4.364763,43.44,-18.18,-8.58,-8.1183994E-4,-0.0068178666,-0.0074287322,insidethebag,standing
10 May 2022 22:11:47:169 +0200,-8.772623,-0.90982443,4.364763,43.44,-18.18,-8.58,0.004075082,-0.009261328,-0.008039597,insidethebag,standing
10 May 2022 22:11:47:175 +0200,-8.842057,-0.9313729,4.3073006,43.44,-18.18,-8.58,0.004075082,-0.009261328,-0.008039597,insidethebag,standing
10 May 2022 22:11:47:211 +0200,-8.842057,-0.9313729,4.3073006,43.44,-18.6,-8.28,0.004075082,-0.009261328,-0.008039597,insidethebag,standing
10 May 2022 22:11:47:350 +0200,-8.820508,-0.9624985,4.2809634,43.44,-18.6,-8.28,-0.012418279,0.007842899,-0.0055961367,insidethebag,standing
10 May 2022 22:11:47:412 +0200,-8.820508,-0.9624985,4.2809634,43.14,-18.779999,-8.4,-0.012418279,0.007842899,-0.0055961367,insidethebag,standing
10 May 2022 22:11:47:532 +0200,-8.820508,-0.9624985,4.2809634,43.14,-18.779999,-8.4,-0.0331877,0.012729821,0.006010303,insidethebag,standing
10 May 2022 22:11:47:538 +0200,-8.79896,-0.9864412,4.2977233,43.14,-18.779999,-8.4,-0.0331877,0.012729821,0.006010303,insidethebag,standing
10 May 2022 22:11:47:610 +0200,-8.79896,-0.9864412,4.2977233,43.2,-18.539999,-8.46,-0.0331877,0.012729821,0.006010303,insidethebag,standing
10 May 2022 22:11:47:710 +0200,-8.734315,-0.8667275,4.2977233,43.2,-18.539999,-8.46,-0.034409426,0.015173282,0.01028636,insidethebag,standing
10 May 2022 22:11:47:808 +0200,-8.734315,-0.8667275,4.2977233,42.96,-18.779999,-8.099999,-0.034409426,0.015173282,0.01028636,insidethebag,standing
10 May 2022 22:11:47:889 +0200,-8.856422,-0.9194015,4.3001175,42.96,-18.779999,-8.099999,-0.009974819,-0.004374406,0.012118956,insidethebag,standing
10 May 2022 22:11:48:009 +0200,-8.856422,-0.9194015,4.3001175,42.78,-18.779999,-8.46,-0.009974819,-0.004374406,0.012118956,insidethebag,standing
10 May 2022 22:11:48:071 +0200,-8.8636055,-0.9529214,4.2809634,42.78,-18.779999,-8.46,-2.0097467E-4,-0.0025418103,-0.0049852715,insidethebag,standing
10 May 2022 22:11:48:208 +0200,-8.8636055,-0.9529214,4.2809634,43.2,-19.08,-8.34,-2.0097467E-4,-0.0025418103,-0.0049852715,insidethebag,standing
10 May 2022 22:11:48:250 +0200,-8.81572,-0.9577099,4.2905407,43.2,-19.08,-8.34,0.016903251,0.0017342464,-0.009261328,insidethebag,standing
10 May 2022 22:11:48:411 +0200,-8.81572,-0.9577099,4.2905407,43.379997,-18.9,-8.28,0.016903251,0.0017342464,-0.009261328,insidethebag,standing
10 May 2022 22:11:48:431 +0200,-8.786988,-0.9289786,4.271386,43.379997,-18.9,-8.28,0.010183735,0.0011233811,0.005399438,insidethebag,standing
10 May 2022 22:11:48:612 +0200,-8.820508,-0.9624985,4.309695,43.5,-18.779999,-8.5199995,0.011405465,-7.092146E-4,0.003566842,insidethebag,standing
10 May 2022 22:11:48:791 +0200,-8.822903,-0.9026416,4.312089,43.5,-18.779999,-8.5199995,0.0010207557,0.004788573,0.0011233811,insidethebag,standing
10 May 2022 22:11:48:810 +0200,-8.822903,-0.9026416,4.312089,43.5,-18.96,-8.22,0.0010207557,0.004788573,0.0011233811,insidethebag,standing
10 May 2022 22:11:48:969 +0200,-8.825297,-0.90503585,4.285752,43.5,-18.96,-8.22,0.0022424862,0.0011233811,5.1251595E-4,insidethebag,standing
10 May 2022 22:11:49:008 +0200,-8.825297,-0.90503585,4.285752,43.559998,-18.48,-8.22,0.0022424862,0.0011233811,5.1251595E-4,insidethebag,standing
10 May 2022 22:11:49:149 +0200,-8.818114,-0.9217958,4.2402606,43.559998,-18.48,-8.22,0.004685947,0.0023451117,0.0023451117,insidethebag,standing
10 May 2022 22:11:49:209 +0200,-8.818114,-0.9217958,4.2402606,43.44,-19.14,-8.22,0.004685947,0.0023451117,0.0023451117,insidethebag,standing
10 May 2022 22:11:49:331 +0200,-8.79896,-0.8978531,4.309695,43.44,-19.14,-8.22,-8.1183994E-4,0.0029559769,0.0072320336,insidethebag,standing
10 May 2022 22:11:49:408 +0200,-8.79896,-0.8978531,4.309695,43.5,-19.14,-8.16,-8.1183994E-4,0.0029559769,0.0072320336,insidethebag,standing
10 May 2022 22:11:49:509 +0200,-8.844451,-0.89545876,4.3025117,43.5,-19.14,-8.16,0.0034642166,-0.0013200798,-7.092146E-4,insidethebag,standing
10 May 2022 22:11:49:610 +0200,-8.844451,-0.89545876,4.3025117,43.32,-18.96,-8.7,0.0034642166,-0.0013200798,-7.092146E-4,insidethebag,standing
10 May 2022 22:11:49:691 +0200,-8.820508,-0.9074302,4.2905407,43.32,-18.96,-8.7,0.0107946,0.0023451117,-0.006207002,insidethebag,standing
10 May 2022 22:11:49:810 +0200,-8.820508,-0.9074302,4.2905407,43.26,-19.08,-8.7,0.0107946,0.0023451117,-0.006207002,insidethebag,standing
10 May 2022 22:11:49:870 +0200,-8.8324795,-0.9122187,4.278569,43.26,-19.08,-8.7,0.0089620035,0.0017342464,5.1251595E-4,insidethebag,standing
10 May 2022 22:11:50:008 +0200,-8.8324795,-0.9122187,4.278569,43.26,-18.779999,-8.76,0.0089620035,0.0017342464,5.1251595E-4,insidethebag,standing
10 May 2022 22:11:50:049 +0200,-8.880365,-0.9194015,4.245049,43.26,-18.779999,-8.76,-0.005698762,0.0029559769,0.0066211685,insidethebag,standing
10 May 2022 22:11:50:209 +0200,-8.880365,-0.9194015,4.245049,43.26,-18.84,-8.76,-0.005698762,0.0029559769,0.0066211685,insidethebag,standing
10 May 2022 22:11:50:232 +0200,-8.825297,-0.8739103,4.2594147,43.26,-18.84,-8.76,-0.0014227051,0.005399438,0.0041777072,insidethebag,standing
10 May 2022 22:11:50:412 +0200,-8.796566,-0.87630457,4.268992,43.379997,-18.96,-8.46,-0.0069204923,0.0017342464,0.0041777072,insidethebag,standing
10 May 2022 22:11:50:589 +0200,-8.822903,-0.89545876,4.2378664,43.379997,-18.96,-8.46,4.098906E-4,0.004788573,0.0023451117,insidethebag,standing
10 May 2022 22:11:50:607 +0200,-8.822903,-0.89545876,4.2378664,43.26,-18.72,-8.4,4.098906E-4,0.004788573,0.0023451117,insidethebag,standing
10 May 2022 22:11:50:771 +0200,-8.887548,-0.888276,4.2546263,43.26,-18.72,-8.4,-0.012418279,-9.83493E-5,-0.0019309451,insidethebag,standing
10 May 2022 22:11:50:809 +0200,-8.887548,-0.888276,4.2546263,43.26,-18.48,-8.22,-0.012418279,-9.83493E-5,-0.0019309451,insidethebag,standing
10 May 2022 22:11:50:960 +0200,-8.830086,-0.91461295,4.2546263,43.26,-18.48,-8.22,-0.008753088,0.0011233811,-0.008650463,insidethebag,standing
10 May 2022 22:11:51:009 +0200,-8.830086,-0.91461295,4.2546263,43.379997,-18.42,-8.22,-0.008753088,0.0011233811,-0.008650463,insidethebag,standing
10 May 2022 22:11:51:130 +0200,-8.839663,-0.9026416,4.209135,43.379997,-18.42,-8.22,-0.052735385,0.0041777072,-0.022700364,insidethebag,standing
10 May 2022 22:11:51:209 +0200,-8.839663,-0.9026416,4.209135,43.62,-17.88,-8.34,-0.052735385,0.0041777072,-0.022700364,insidethebag,standing
10 May 2022 22:11:51:309 +0200,-9.033599,-1.1564348,3.9864676,43.62,-17.88,-8.34,0.011405465,0.049381737,-0.07462391,insidethebag,standing
10 May 2022 22:11:51:409 +0200,-9.033599,-1.1564348,3.9864676,43.32,-17.76,-7.9199996,0.011405465,0.049381737,-0.07462391,insidethebag,standing
10 May 2022 22:11:51:489 +0200,-8.940222,-1.0175668,4.06069,43.32,-17.76,-7.9199996,0.15434793,0.14712018,-0.14792773,insidethebag,standing
10 May 2022 22:11:51:609 +0200,-8.940222,-1.0175668,4.06069,43.44,-17.4,-7.74,0.15434793,0.14712018,-0.14792773,insidethebag,standing
10 May 2022 22:11:51:667 +0200,-8.91628,-1.7023294,3.7877429,43.44,-17.4,-7.74,0.3363858,0.19660026,-0.20901427,insidethebag,standing
10 May 2022 22:11:51:808 +0200,-8.91628,-1.7023294,3.7877429,43.379997,-16.92,-7.14,0.3363858,0.19660026,-0.20901427,insidethebag,standing
10 May 2022 22:11:51:849 +0200,-8.875577,-1.3383996,3.8284454,43.379997,-16.92,-7.14,0.23376042,0.12635076,-0.083176024,insidethebag,standing
10 May 2022 22:11:52:007 +0200,-8.875577,-1.3383996,3.8284454,43.44,-16.14,-6.24,0.23376042,0.12635076,-0.083176024,insidethebag,standing
10 May 2022 22:11:52:031 +0200,-9.581888,-1.333611,3.241848,43.44,-16.14,-6.24,0.38830933,0.042662214,-0.09356073,insidethebag,standing
10 May 2022 22:11:52:210 +0200,-9.703996,-1.6712039,3.050306,43.62,-15.42,-5.8799996,0.35654435,-0.02575469,-0.09783679,insidethebag,standing
10 May 2022 22:11:52:389 +0200,-9.318518,-1.2138973,3.284945,43.62,-15.42,-5.8799996,0.13846543,0.0133406855,-0.04591324,insidethebag,standing
10 May 2022 22:11:52:408 +0200,-9.318518,-1.2138973,3.284945,43.379997,-14.759999,-5.7599998,0.13846543,0.0133406855,-0.04591324,insidethebag,standing
10 May 2022 22:11:52:569 +0200,-8.964165,-0.9720756,3.5602865,43.379997,-14.759999,-5.7599998,0.055387765,0.03960789,-0.019646037,insidethebag,standing
10 May 2022 22:11:52:609 +0200,-8.964165,-0.9720756,3.5602865,42.899998,-13.98,-6.0,0.055387765,0.03960789,-0.019646037,insidethebag,standing
10 May 2022 22:11:52:748 +0200,-9.196409,-0.7015225,3.5267668,42.899998,-13.98,-6.0,-0.0612875,0.067707695,0.08297932,insidethebag,standing
10 May 2022 22:11:52:809 +0200,-9.196409,-0.7015225,3.5267668,42.48,-13.679999,-6.24,-0.0612875,0.067707695,0.08297932,insidethebag,standing
10 May 2022 22:11:52:928 +0200,-9.344854,-0.79250497,3.258608,42.48,-13.679999,-6.24,0.04561392,0.095196635,0.17338738,insidethebag,standing
10 May 2022 22:11:53:009 +0200,-9.344854,-0.79250497,3.258608,42.36,-13.5,-6.2999997,0.04561392,0.095196635,0.17338738,insidethebag,standing
10 May 2022 22:11:53:107 +0200,-9.251478,-0.2561874,3.3232534,42.36,-13.5,-6.2999997,0.04561392,0.08420106,0.25096726,insidethebag,standing
10 May 2022 22:11:53:208 +0200,-9.251478,-0.2561874,3.3232534,42.36,-13.86,-5.94,0.04561392,0.08420106,0.25096726,insidethebag,standing
10 May 2022 22:11:53:289 +0200,-9.124581,0.16041641,3.1772027,42.36,-13.86,-5.94,-0.09427422,0.10191614,0.4049053,insidethebag,standing
10 May 2022 22:11:53:409 +0200,-9.124581,0.16041641,3.1772027,43.379997,-15.299999,-5.2799997,-0.09427422,0.10191614,0.4049053,insidethebag,standing
10 May 2022 22:11:53:468 +0200,-9.093455,0.57223165,2.997632,43.379997,-15.299999,-5.2799997,-0.19384526,0.07564894,0.2576868,insidethebag,standing
10 May 2022 22:11:53:609 +0200,-9.093455,0.57223165,2.997632,43.92,-17.58,-4.68,-0.19384526,0.07564894,0.2576868,insidethebag,standing
10 May 2022 22:11:53:648 +0200,-9.287392,1.2522057,3.083826,43.92,-17.58,-4.68,-0.15963681,-0.017813442,0.03472097,insidethebag,standing
10 May 2022 22:11:53:809 +0200,-9.287392,1.2522057,3.083826,44.04,-19.859999,-3.8999999,-0.15963681,-0.017813442,0.03472097,insidethebag,standing
10 May 2022 22:11:53:833 +0200,-9.287392,0.50998056,3.1436827,44.04,-19.859999,-3.8999999,0.021790175,-0.07767824,-0.08195429,insidethebag,standing
10 May 2022 22:11:54:009 +0200,-9.28021,0.34956414,3.4980354,44.52,-21.779999,-3.9599998,0.06821594,-0.12776919,-0.19557522,insidethebag,standing
10 May 2022 22:11:54:189 +0200,-9.232324,-0.6440599,3.5890179,44.52,-21.779999,-3.9599998,0.07065939,-0.17419495,-0.19985129,insidethebag,standing
10 May 2022 22:11:54:208 +0200,-9.232324,-0.6440599,3.5890179,44.219997,-22.02,-4.2,0.07065939,-0.17419495,-0.19985129,insidethebag,standing
10 May 2022 22:11:54:368 +0200,-9.043176,0.102953814,3.9984388,44.219997,-22.02,-4.2,-0.38565695,-0.11555188,0.0072320336,insidethebag,standing
10 May 2022 22:11:54:406 +0200,-9.043176,0.102953814,3.9984388,44.04,-21.0,-4.7999997,-0.38565695,-0.11555188,0.0072320336,insidethebag,standing
10 May 2022 22:11:54:547 +0200,-9.086273,-0.17957062,3.9864676,44.04,-21.0,-4.7999997,-0.24149275,-0.061184876,0.012118956,insidethebag,standing
10 May 2022 22:11:54:609 +0200,-9.086273,-0.17957062,3.9864676,43.92,-19.92,-6.3599997,-0.24149275,-0.061184876,0.012118956,insidethebag,standing
10 May 2022 22:11:54:728 +0200,-8.9186735,-0.4764607,3.9266107,43.92,-19.92,-6.3599997,-0.1474195,-0.0074287322,0.024947125,insidethebag,standing
10 May 2022 22:11:54:809 +0200,-8.9186735,-0.4764607,3.9266107,43.559998,-18.72,-7.14,-0.1474195,-0.0074287322,0.024947125,insidethebag,standing
10 May 2022 22:11:54:911 +0200,-8.973742,-0.07422252,3.929005,43.559998,-18.72,-7.14,-0.16085854,0.032888375,0.021281935,insidethebag,standing
10 May 2022 22:11:55:008 +0200,-8.973742,-0.07422252,3.929005,43.62,-18.18,-7.44,-0.16085854,0.032888375,0.021281935,insidethebag,standing
10 May 2022 22:11:55:087 +0200,-8.801354,-0.8667275,3.9146392,43.62,-18.18,-7.44,0.056609493,-0.021478632,-0.047134973,insidethebag,standing
10 May 2022 22:11:55:209 +0200,-8.801354,-0.8667275,3.9146392,43.5,-18.06,-7.56,0.056609493,-0.021478632,-0.047134973,insidethebag,standing
10 May 2022 22:11:55:268 +0200,-9.002473,-0.68715686,3.972102,43.5,-18.06,-7.56,-0.059454903,-0.04591324,-0.013537385,insidethebag,standing
10 May 2022 22:11:55:409 +0200,-9.002473,-0.68715686,3.972102,43.44,-18.359999,-7.7999997,-0.059454903,-0.04591324,-0.013537385,insidethebag,standing
10 May 2022 22:11:55:450 +0200,-8.830086,-0.723071,4.0582957,43.44,-18.359999,-7.7999997,-0.1455869,-0.06973699,0.022503665,insidethebag,standing
10 May 2022 22:11:55:609 +0200,-8.830086,-0.723071,4.0582957,43.5,-18.779999,-7.62,-0.1455869,-0.06973699,0.022503665,insidethebag,standing
10 May 2022 22:11:55:629 +0200,-8.973742,-1.0534809,4.2546263,43.5,-18.779999,-7.62,-0.14008911,-0.072791316,0.016395012,insidethebag,standing
10 May 2022 22:11:55:811 +0200,-8.973742,-1.0534809,4.2546263,43.079998,-18.9,-7.9199996,-0.07045048,-0.061184876,-0.019646037,insidethebag,standing
10 May 2022 22:11:55:815 +0200,-8.894731,-0.96489275,4.216318,43.079998,-18.9,-7.9199996,-0.07045048,-0.061184876,-0.019646037,insidethebag,standing
10 May 2022 22:11:55:993 +0200,-8.74868,-0.9888355,4.3025117,43.079998,-18.9,-7.9199996,-0.06983961,-0.0068178666,0.042662214,insidethebag,standing
10 May 2022 22:11:56:005 +0200,-8.74868,-0.9888355,4.3025117,43.32,-19.26,-8.22,-0.06983961,-0.0068178666,0.042662214,insidethebag,standing
10 May 2022 22:11:56:168 +0200,-8.777411,-0.967287,4.2642035,43.32,-19.26,-8.22,-0.029522507,-0.023922095,0.015173282,insidethebag,standing
10 May 2022 22:11:56:209 +0200,-8.777411,-0.967287,4.2642035,43.62,-18.84,-8.04,-0.029522507,-0.023922095,0.015173282,insidethebag,standing
10 May 2022 22:11:56:350 +0200,-8.865999,-0.91461295,4.3240604,43.62,-18.84,-8.04,0.009572869,-0.057519685,-0.014148249,insidethebag,standing
10 May 2022 22:11:56:408 +0200,-8.865999,-0.91461295,4.3240604,43.44,-18.42,-8.099999,0.009572869,-0.057519685,-0.014148249,insidethebag,standing
10 May 2022 22:11:56:531 +0200,-8.801354,-0.88588166,4.436591,43.44,-18.42,-8.099999,0.01201633,-0.03247421,0.004788573,insidethebag,standing
10 May 2022 22:11:56:609 +0200,-8.801354,-0.88588166,4.436591,43.62,-18.24,-8.28,0.01201633,-0.03247421,0.004788573,insidethebag,standing
10 May 2022 22:11:56:709 +0200,-8.688824,-0.9696813,4.4988422,43.62,-18.24,-8.28,0.02117931,-0.004374406,-0.0025418103,insidethebag,standing
10 May 2022 22:11:56:811 +0200,-8.688824,-0.9696813,4.4988422,43.379997,-18.06,-8.4,0.02117931,-0.004374406,-0.0025418103,insidethebag,standing
10 May 2022 22:11:56:893 +0200,-8.734315,-1.0008069,4.3958883,43.379997,-18.06,-8.4,0.0077402736,5.1251595E-4,-0.013537385,insidethebag,standing
10 May 2022 22:11:57:010 +0200,-8.734315,-1.0008069,4.3958883,43.379997,-18.18,-8.4,0.0077402736,5.1251595E-4,-0.013537385,insidethebag,standing
10 May 2022 22:11:57:071 +0200,-8.727132,-0.9624985,4.4198313,43.379997,-18.18,-8.4,-0.031965967,-0.012315654,-0.0025418103,insidethebag,standing
10 May 2022 22:11:57:208 +0200,-8.727132,-0.9624985,4.4198313,43.079998,-18.6,-8.7,-0.031965967,-0.012315654,-0.0025418103,insidethebag,standing
10 May 2022 22:11:57:251 +0200,-8.727132,-0.9624985,4.4198313,43.079998,-18.6,-8.7,-0.019748664,-0.0117047895,0.0011233811,insidethebag,standing
10 May 2022 22:11:57:256 +0200,-8.746285,-0.9481328,4.5012364,43.079998,-18.6,-8.7,-0.019748664,-0.0117047895,0.0011233811,insidethebag,standing
10 May 2022 22:11:57:412 +0200,-8.746285,-0.9481328,4.5012364,43.26,-18.539999,-8.82,-0.019748664,-0.0117047895,0.0011233811,insidethebag,standing
10 May 2022 22:11:57:430 +0200,-8.746285,-0.9481328,4.5012364,43.26,-18.539999,-8.82,-0.011196549,-0.0037635406,0.0017342464,insidethebag,standing
10 May 2022 22:11:57:436 +0200,-8.796566,-0.9385557,4.496448,43.26,-18.539999,-8.82,-0.011196549,-0.0037635406,0.0017342464,insidethebag,standing
10 May 2022 22:11:57:613 +0200,-8.712766,-1.0175668,4.4198313,43.68,-18.359999,-8.76,0.0052968124,0.009675494,-7.092146E-4,insidethebag,standing
10 May 2022 22:11:57:790 +0200,-8.71516,-0.9074302,4.410254,43.68,-18.359999,-8.76,-0.016694335,0.00906463,0.003566842,insidethebag,standing
10 May 2022 22:11:57:811 +0200,-8.71516,-0.9074302,4.410254,43.5,-18.66,-9.24,-0.016694335,0.00906463,0.003566842,insidethebag,standing
10 May 2022 22:11:57:972 +0200,-8.775017,-0.9984126,4.417437,43.5,-18.66,-9.24,0.009572869,0.010897226,-0.006207002,insidethebag,standing
10 May 2022 22:11:58:011 +0200,-8.775017,-0.9984126,4.417437,43.8,-18.48,-8.94,0.009572869,0.010897226,-0.006207002,insidethebag,standing
10 May 2022 22:11:58:149 +0200,-8.801354,-0.9289786,4.3767343,43.8,-18.48,-8.94,-0.0014227051,0.0011233811,0.008453764,insidethebag,standing
10 May 2022 22:11:58:210 +0200,-8.801354,-0.9289786,4.3767343,43.8,-18.42,-8.94,-0.0014227051,0.0011233811,0.008453764,insidethebag,standing
10 May 2022 22:11:58:332 +0200,-8.712766,-0.9984126,4.163644,43.8,-18.42,-8.94,-0.01364001,-0.015980845,0.021281935,insidethebag,standing
10 May 2022 22:11:58:409 +0200,-8.712766,-0.9984126,4.163644,43.62,-18.3,-9.36,-0.01364001,-0.015980845,0.021281935,insidethebag,standing
10 May 2022 22:11:58:512 +0200,-8.56911,-0.84278476,4.5874305,43.62,-18.3,-9.36,-0.07106134,-0.04591324,0.026779722,insidethebag,standing
10 May 2022 22:11:58:609 +0200,-8.56911,-0.84278476,4.5874305,43.5,-17.88,-9.12,-0.07106134,-0.04591324,0.026779722,insidethebag,standing
10 May 2022 22:11:58:693 +0200,-8.727132,-1.1995317,4.5970078,43.5,-17.88,-9.12,0.13174592,0.021281935,-0.10577804,insidethebag,standing
10 May 2022 22:11:58:811 +0200,-8.727132,-1.1995317,4.5970078,43.739998,-17.699999,-9.54,0.13174592,0.021281935,-0.10577804,insidethebag,standing
10 May 2022 22:11:58:868 +0200,-8.686429,-1.1540405,4.608979,43.739998,-17.699999,-9.54,0.027898826,0.045105677,-0.103334576,insidethebag,standing
10 May 2022 22:11:59:009 +0200,-8.686429,-1.1540405,4.608979,43.5,-17.88,-10.0199995,0.027898826,0.045105677,-0.103334576,insidethebag,standing
10 May 2022 22:11:59:050 +0200,-8.616995,-0.9289786,4.5467277,43.5,-17.88,-10.0199995,0.011405465,0.03716443,-0.09661506,insidethebag,standing
10 May 2022 22:11:59:209 +0200,-8.616995,-0.9289786,4.5467277,43.32,-17.699999,-9.36,0.011405465,0.03716443,-0.09661506,insidethebag,standing
10 May 2022 22:11:59:229 +0200,-8.763046,-1.4413534,4.4318027,43.32,-17.699999,-9.36,0.07004853,0.0029559769,-0.061184876,insidethebag,standing
10 May 2022 22:11:59:413 +0200,-8.7534685,-1.4221992,4.450957,43.559998,-17.16,-9.059999,-0.036242023,-0.004374406,0.007842899,insidethebag,standing
10 May 2022 22:11:59:590 +0200,-8.751075,-1.2929084,4.503631,43.559998,-17.16,-9.059999,-0.091219895,0.0041777072,0.037775297,insidethebag,standing
10 May 2022 22:11:59:611 +0200,-8.751075,-1.2929084,4.503631,43.379997,-16.68,-9.24,-0.091219895,0.0041777072,0.037775297,insidethebag,standing
10 May 2022 22:11:59:771 +0200,-8.681641,-1.324034,4.479688,43.379997,-16.68,-9.24,0.0010207557,-0.020867767,0.0017342464,insidethebag,standing
10 May 2022 22:11:59:809 +0200,-8.681641,-1.324034,4.479688,43.079998,-15.839999,-9.0,0.0010207557,-0.020867767,0.0017342464,insidethebag,standing
10 May 2022 22:11:59:949 +0200,-8.674458,-1.4293821,4.4318027,43.079998,-15.839999,-9.0,0.014459792,-0.0031526757,-0.009872193,insidethebag,standing
10 May 2022 22:12:00:009 +0200,-8.674458,-1.4293821,4.4318027,42.96,-15.66,-9.24,0.014459792,-0.0031526757,-0.009872193,insidethebag,standing
10 May 2022 22:12:00:127 +0200,-8.6433325,-1.3743137,4.436591,42.96,-15.66,-9.24,-0.028911643,0.0017342464,-0.009872193,insidethebag,standing
10 May 2022 22:12:00:205 +0200,-8.6433325,-1.3743137,4.436591,43.079998,-15.48,-9.66,-0.028911643,0.0017342464,-0.009872193,insidethebag,standing
10 May 2022 22:12:00:309 +0200,-8.667274,-1.3719195,4.453351,43.079998,-15.48,-9.66,-0.016083471,0.01028636,-0.009872193,insidethebag,standing
10 May 2022 22:12:00:408 +0200,-8.667274,-1.3719195,4.453351,42.899998,-15.24,-9.36,-0.016083471,0.01028636,-0.009872193,insidethebag,standing
10 May 2022 22:12:00:489 +0200,-8.707977,-1.4389591,4.410254,42.899998,-15.24,-9.36,0.0059076776,0.01150809,-0.006207002,insidethebag,standing
10 May 2022 22:12:00:609 +0200,-8.707977,-1.4389591,4.410254,43.379997,-15.599999,-9.36,0.0059076776,0.01150809,-0.006207002,insidethebag,standing
10 May 2022 22:12:00:666 +0200,-8.736709,-1.4269878,4.3887057,43.379997,-15.599999,-9.36,-0.004477031,0.01028636,-0.0074287322,insidethebag,standing
10 May 2022 22:12:00:808 +0200,-8.736709,-1.4269878,4.3887057,43.379997,-15.48,-9.66,-0.004477031,0.01028636,-0.0074287322,insidethebag,standing
10 May 2022 22:12:00:848 +0200,-8.722343,-1.4245936,4.37434,43.379997,-15.48,-9.66,4.098906E-4,0.016395012,-7.092146E-4,insidethebag,standing
10 May 2022 22:12:01:010 +0200,-8.722343,-1.4245936,4.37434,43.14,-15.719999,-9.3,4.098906E-4,0.016395012,-7.092146E-4,insidethebag,standing
10 May 2022 22:12:01:033 +0200,-8.674458,-1.4221992,4.3623686,43.14,-15.719999,-9.3,-0.0026444357,0.015784148,-0.0013200798,insidethebag,standing
10 May 2022 22:12:01:215 +0200,-8.741497,-1.4365649,4.288146,43.379997,-15.96,-9.179999,0.006518543,0.0041777072,-0.0049852715,insidethebag,standing
10 May 2022 22:12:01:390 +0200,-8.729526,-1.4820561,4.304906,43.379997,-15.96,-9.179999,-0.0050878967,0.007842899,0.005399438,insidethebag,standing
10 May 2022 22:12:01:409 +0200,-8.729526,-1.4820561,4.304906,43.32,-15.719999,-9.179999,-0.0050878967,0.007842899,0.005399438,insidethebag,standing
10 May 2022 22:12:01:569 +0200,-8.751075,-1.3527653,4.3240604,43.32,-15.719999,-9.179999,-0.01364001,0.005399438,0.004788573,insidethebag,standing
10 May 2022 22:12:01:610 +0200,-8.751075,-1.3527653,4.3240604,43.559998,-15.599999,-8.639999,-0.01364001,0.005399438,0.004788573,insidethebag,standing
10 May 2022 22:12:01:750 +0200,-8.724737,-1.4509305,4.268992,43.559998,-15.599999,-8.639999,0.009572869,0.010897226,0.003566842,insidethebag,standing
10 May 2022 22:12:01:811 +0200,-8.724737,-1.4509305,4.268992,43.44,-15.54,-8.639999,0.009572869,0.010897226,0.003566842,insidethebag,standing
10 May 2022 22:12:01:931 +0200,-8.758257,-1.4054393,4.2833576,43.44,-15.54,-8.639999,-0.007531358,0.008453764,0.0041777072,insidethebag,standing
10 May 2022 22:12:02:008 +0200,-8.758257,-1.4054393,4.2833576,43.26,-15.48,-8.34,-0.007531358,0.008453764,0.0041777072,insidethebag,standing
10 May 2022 22:12:02:110 +0200,-8.734315,-1.3312168,4.3073006,43.26,-15.48,-8.34,-0.003255301,-0.0031526757,0.010897226,insidethebag,standing
10 May 2022 22:12:02:208 +0200,-8.734315,-1.3312168,4.3073006,43.2,-15.42,-8.4,-0.003255301,-0.0031526757,0.010897226,insidethebag,standing
10 May 2022 22:12:02:289 +0200,-8.734315,-1.297697,4.3192716,43.2,-15.42,-8.4,0.0089620035,-0.017202575,0.0133406855,insidethebag,standing
10 May 2022 22:12:02:409 +0200,-8.734315,-1.297697,4.3192716,42.84,-15.299999,-8.94,0.0089620035,-0.017202575,0.0133406855,insidethebag,standing
10 May 2022 22:12:02:467 +0200,-8.734315,-1.297697,4.3192716,42.84,-15.299999,-8.94,0.0248445,-0.028809015,-0.0025418103,insidethebag,standing
10 May 2022 22:12:02:472 +0200,-8.727132,-1.3743137,4.364763,42.84,-15.299999,-8.94,0.0248445,-0.028809015,-0.0025418103,insidethebag,standing
10 May 2022 22:12:02:609 +0200,-8.727132,-1.3743137,4.364763,42.84,-15.36,-8.7,0.0248445,-0.028809015,-0.0025418103,insidethebag,standing
10 May 2022 22:12:02:650 +0200,-8.727132,-1.3623424,4.415043,42.84,-15.36,-8.7,0.004075082,-0.023311228,-0.0068178666,insidethebag,standing
10 May 2022 22:12:02:809 +0200,-8.727132,-1.3623424,4.415043,42.719997,-15.299999,-9.179999,0.004075082,-0.023311228,-0.0068178666,insidethebag,standing
10 May 2022 22:12:02:828 +0200,-8.717555,-1.3791022,4.410254,42.719997,-15.299999,-9.179999,0.010183735,-0.0019309451,-0.0013200798,insidethebag,standing
10 May 2022 22:12:03:012 +0200,-8.676852,-1.3958622,4.4054656,42.6,-15.48,-9.12,-0.0020335703,0.0029559769,0.007842899,insidethebag,standing
10 May 2022 22:12:03:191 +0200,-8.650515,-1.403045,4.4222255,42.6,-15.48,-9.12,-0.01486174,0.004788573,0.0017342464,insidethebag,standing
10 May 2022 22:12:03:209 +0200,-8.650515,-1.403045,4.4222255,42.84,-15.78,-8.58,-0.01486174,0.004788573,0.0017342464,insidethebag,standing
10 May 2022 22:12:03:368 +0200,-8.729526,-1.4652961,4.415043,42.84,-15.78,-8.58,-0.021581259,-0.004374406,-0.011093924,insidethebag,standing
10 May 2022 22:12:03:408 +0200,-8.729526,-1.4652961,4.415043,43.26,-15.54,-9.179999,-0.021581259,-0.004374406,-0.011093924,insidethebag,standing
10 May 2022 22:12:03:550 +0200,-8.71516,-1.3407938,4.4461684,43.26,-15.54,-9.179999,-0.020970393,-0.0055961367,0.0041777072,insidethebag,standing
10 May 2022 22:12:03:610 +0200,-8.71516,-1.3407938,4.4461684,43.559998,-15.66,-8.76,-0.020970393,-0.0055961367,0.0041777072,insidethebag,standing
10 May 2022 22:12:03:729 +0200,-8.746285,-1.3791022,4.3863115,43.559998,-15.66,-8.76,-0.015472606,0.0041777072,0.0133406855,insidethebag,standing
10 May 2022 22:12:03:808 +0200,-8.746285,-1.3791022,4.3863115,43.62,-15.48,-8.7,-0.015472606,0.0041777072,0.0133406855,insidethebag,standing
10 May 2022 22:12:03:908 +0200,-8.590658,-1.5227587,4.7765784,43.62,-15.48,-8.7,0.0089620035,0.015784148,-0.009872193,insidethebag,standing
10 May 2022 22:12:04:008 +0200,-8.590658,-1.5227587,4.7765784,43.68,-15.299999,-8.639999,0.0089620035,0.015784148,-0.009872193,insidethebag,standing
10 May 2022 22:12:04:089 +0200,-8.688824,-1.4245936,4.364763,43.68,-15.299999,-8.639999,0.0059076776,0.015173282,-0.010483059,insidethebag,standing
10 May 2022 22:12:04:210 +0200,-8.688824,-1.4245936,4.364763,43.5,-15.42,-8.58,0.0059076776,0.015173282,-0.010483059,insidethebag,standing
10 May 2022 22:12:04:268 +0200,-9.021627,-1.2474172,3.3424077,43.5,-15.42,-8.58,-0.008753088,0.015173282,0.0017342464,insidethebag,standing
10 May 2022 22:12:04:407 +0200,-9.021627,-1.2474172,3.3424077,43.62,-15.24,-9.12,-0.008753088,0.015173282,0.0017342464,insidethebag,standing
10 May 2022 22:12:04:451 +0200,-8.516436,-1.6089526,5.1261425,43.62,-15.24,-9.12,-0.014250875,0.014562417,0.0017342464,insidethebag,standing
10 May 2022 22:12:04:611 +0200,-8.516436,-1.6089526,5.1261425,43.68,-15.299999,-9.0,-0.014250875,0.014562417,0.0017342464,insidethebag,standing
10 May 2022 22:12:04:633 +0200,-8.76544,-1.4078336,4.1851926,43.68,-15.299999,-9.0,-0.01364001,0.01150809,0.0029559769,insidethebag,standing
10 May 2022 22:12:04:813 +0200,-8.763046,-1.4198049,4.268992,43.739998,-15.42,-9.3,0.0052968124,-0.009872193,5.1251595E-4,insidethebag,standing
